node,label
0,193.0
1,468.0
2,631.0
3,491.0
4,142.0
5,863.0
6,179.0
7,573.0
8,752.0
9,559.0
10,762.0
11,621.0
12,728.0
13,464.0
14,697.0
15,189.0
16,744.0
17,273.0
18,590.0
19,570.0
20,429.0
21,207.0
22,625.0
23,495.0
24,429.0
25,429.0
26,480.0
27,541.0
28,568.0
29,540.0
30,695.0
31,156.0
32,776.0
33,102.0
34,482.0
35,752.0
36,201.0
37,189.0
38,488.0
39,313.0
40,746.0
41,863.0
42,73.0
43,273.0
44,697.0
45,697.0
46,794.0
47,102.0
48,142.0
49,744.0
50,263.0
51,272.0
52,697.0
53,154.0
54,70.0
55,246.0
56,845.0
57,54.0
58,92.0
59,75.0
60,269.0
61,159.0
62,85.0
63,23.0
64,263.0
65,754.0
66,483.0
67,272.0
68,554.0
69,535.0
70,505.0
71,201.0
72,496.0
73,776.0
74,93.0
75,139.0
76,493.0
77,56.0
78,863.0
79,57.0
80,364.0
81,723.0
82,449.0
83,695.0
84,429.0
85,2.0
86,263.0
87,535.0
88,722.0
89,5.0
90,848.0
91,760.0
92,278.0
93,535.0
94,765.0
95,794.0
96,449.0
97,50.0
98,765.0
99,248.0
100,248.0
101,248.0
102,47.0
103,307.0
104,193.0
105,754.0
106,5.0
107,82.0
108,623.0
109,761.0
110,618.0
111,535.0
112,24.0
113,623.0
114,677.0
115,102.0
116,96.0
117,851.0
118,794.0
119,695.0
120,573.0
121,179.0
122,541.0
123,759.0
124,715.0
125,55.0
126,340.0
127,40.0
128,189.0
129,590.0
130,452.0
131,723.0
132,461.0
133,272.0
134,201.0
135,431.0
136,429.0
137,345.0
138,728.0
139,809.0
140,30.0
141,449.0
142,536.0
143,154.0
144,51.0
145,456.0
146,758.0
147,761.0
148,464.0
149,546.0
150,722.0
151,746.0
152,794.0
153,23.0
154,762.0
155,237.0
156,493.0
157,698.0
158,429.0
159,429.0
160,429.0
161,429.0
162,429.0
163,429.0
164,429.0
165,429.0
166,429.0
167,480.0
168,201.0
169,696.0
170,848.0
171,142.0
172,746.0
173,120.0
174,449.0
175,771.0
176,855.0
177,429.0
178,845.0
179,699.0
180,429.0
181,429.0
182,448.0
183,746.0
184,289.0
185,746.0
186,239.0
187,142.0
188,493.0
189,396.0
190,307.0
191,491.0
192,540.0
193,585.0
194,721.0
195,104.0
196,721.0
197,22.0
198,189.0
199,590.0
200,794.0
201,778.0
202,207.0
203,748.0
204,93.0
205,696.0
206,337.0
207,156.0
208,24.0
209,536.0
210,505.0
211,752.0
212,237.0
213,505.0
214,207.0
215,590.0
216,56.0
217,631.0
218,746.0
219,467.0
220,852.0
221,852.0
222,852.0
223,852.0
224,784.0
225,690.0
226,769.0
227,863.0
228,345.0
229,345.0
230,345.0
231,464.0
232,464.0
233,464.0
234,464.0
235,464.0
236,464.0
237,464.0
238,18.0
239,196.0
240,483.0
241,536.0
242,752.0
243,755.0
244,47.0
245,844.0
246,18.0
247,746.0
248,464.0
249,464.0
250,536.0
251,867.0
252,622.0
253,96.0
254,431.0
255,564.0
256,850.0
257,850.0
258,759.0
259,754.0
260,586.0
261,755.0
262,837.0
263,721.0
264,46.0
265,207.0
266,404.0
267,794.0
268,480.0
269,636.0
270,96.0
271,863.0
272,466.0
273,660.0
274,744.0
275,30.0
276,101.0
277,541.0
278,536.0
279,845.0
280,64.0
281,746.0
282,461.0
283,852.0
284,765.0
285,193.0
286,794.0
287,4.0
288,179.0
289,621.0
290,425.0
291,630.0
292,752.0
293,744.0
294,193.0
295,431.0
296,269.0
297,855.0
298,60.0
299,461.0
300,848.0
301,505.0
302,746.0
303,622.0
304,142.0
305,50.0
306,696.0
307,121.0
308,456.0
309,753.0
310,121.0
311,695.0
312,621.0
313,863.0
314,677.0
315,762.0
316,713.0
317,275.0
318,431.0
319,94.0
320,784.0
321,618.0
322,590.0
323,104.0
324,546.0
325,178.0
326,769.0
327,404.0
328,102.0
329,493.0
330,761.0
331,657.0
332,56.0
333,6.0
334,39.0
335,564.0
336,573.0
337,621.0
338,159.0
339,535.0
340,201.0
341,364.0
342,778.0
343,863.0
344,207.0
345,660.0
346,536.0
347,726.0
348,846.0
349,794.0
350,239.0
351,863.0
352,754.0
353,461.0
354,661.0
355,263.0
356,776.0
357,6.0
358,657.0
359,585.0
360,536.0
361,837.0
362,728.0
363,30.0
364,761.0
365,202.0
366,660.0
367,139.0
368,708.0
369,207.0
370,121.0
371,794.0
372,746.0
373,744.0
374,744.0
375,96.0
376,863.0
377,483.0
378,590.0
379,546.0
380,568.0
381,536.0
382,583.0
383,443.0
384,590.0
385,622.0
386,870.0
387,753.0
388,822.0
389,494.0
390,179.0
391,203.0
392,70.0
393,753.0
394,746.0
395,590.0
396,760.0
397,7.0
398,488.0
399,696.0
400,761.0
401,623.0
402,18.0
403,263.0
404,859.0
405,535.0
406,758.0
407,535.0
408,45.0
409,468.0
410,535.0
411,541.0
412,709.0
413,761.0
414,101.0
415,207.0
416,744.0
417,85.0
418,746.0
419,272.0
420,263.0
421,396.0
422,765.0
423,480.0
424,483.0
425,690.0
426,690.0
427,201.0
428,263.0
429,777.0
430,756.0
431,139.0
432,535.0
433,278.0
434,178.0
435,655.0
436,189.0
437,2.0
438,535.0
439,540.0
440,121.0
441,36.0
442,765.0
443,263.0
444,203.0
445,448.0
446,582.0
447,582.0
448,568.0
449,797.0
450,142.0
451,794.0
452,203.0
453,618.0
454,496.0
455,849.0
456,24.0
457,72.0
458,694.0
459,765.0
460,263.0
461,24.0
462,269.0
463,121.0
464,535.0
465,752.0
466,759.0
467,590.0
468,845.0
469,855.0
470,339.0
471,339.0
472,339.0
473,339.0
474,339.0
475,201.0
476,554.0
477,96.0
478,82.0
479,189.0
480,466.0
481,273.0
482,467.0
483,746.0
484,575.0
485,794.0
486,70.0
487,550.0
488,863.0
489,845.0
490,753.0
491,695.0
492,483.0
493,863.0
494,777.0
495,853.0
496,246.0
497,5.0
498,483.0
499,189.0
500,863.0
501,60.0
502,753.0
503,755.0
504,863.0
505,121.0
506,102.0
507,248.0
508,746.0
509,57.0
510,70.0
511,573.0
512,429.0
513,863.0
514,863.0
515,63.0
516,784.0
517,289.0
518,863.0
519,622.0
520,101.0
521,746.0
522,73.0
523,491.0
524,744.0
525,96.0
526,536.0
527,755.0
528,101.0
529,822.0
530,269.0
531,753.0
532,765.0
533,207.0
534,32.0
535,797.0
536,748.0
537,541.0
538,755.0
539,655.0
540,636.0
541,867.0
542,179.0
543,55.0
544,582.0
545,364.0
546,275.0
547,822.0
548,822.0
549,822.0
550,822.0
551,822.0
552,822.0
553,822.0
554,822.0
555,822.0
556,822.0
557,82.0
558,546.0
559,83.0
560,850.0
561,863.0
562,586.0
563,756.0
564,746.0
565,340.0
566,863.0
567,40.0
568,490.0
569,104.0
570,196.0
571,483.0
572,139.0
573,535.0
574,590.0
575,536.0
576,713.0
577,755.0
578,104.0
579,56.0
580,330.0
581,622.0
582,586.0
583,759.0
584,754.0
585,63.0
586,644.0
587,241.0
588,755.0
589,337.0
590,863.0
591,746.0
592,457.0
593,505.0
594,495.0
595,863.0
596,660.0
597,698.0
598,189.0
599,139.0
600,844.0
601,760.0
602,6.0
603,845.0
604,493.0
605,575.0
606,63.0
607,246.0
608,677.0
609,568.0
610,73.0
611,752.0
612,201.0
613,760.0
614,715.0
615,154.0
616,201.0
617,461.0
618,746.0
619,756.0
620,660.0
621,754.0
622,32.0
623,586.0
624,196.0
625,75.0
626,263.0
627,157.0
628,754.0
629,709.0
630,842.0
631,241.0
632,535.0
633,449.0
634,794.0
635,94.0
636,407.0
637,863.0
638,505.0
639,431.0
640,755.0
641,726.0
642,3.0
643,771.0
644,429.0
645,429.0
646,429.0
647,429.0
648,429.0
649,429.0
650,429.0
651,407.0
652,853.0
653,853.0
654,853.0
655,853.0
656,853.0
657,756.0
658,159.0
659,746.0
660,844.0
661,246.0
662,590.0
663,179.0
664,178.0
665,794.0
666,201.0
667,752.0
668,201.0
669,590.0
670,203.0
671,111.0
672,178.0
673,755.0
674,202.0
675,488.0
676,752.0
677,846.0
678,851.0
679,631.0
680,784.0
681,104.0
682,55.0
683,263.0
684,179.0
685,47.0
686,467.0
687,622.0
688,758.0
689,590.0
690,468.0
691,657.0
692,4.0
693,263.0
694,139.0
695,496.0
696,46.0
697,744.0
698,863.0
699,157.0
700,407.0
701,827.0
702,83.0
703,95.0
704,536.0
705,252.0
706,794.0
707,541.0
708,794.0
709,728.0
710,863.0
711,570.0
712,396.0
713,396.0
714,329.0
715,36.0
716,18.0
717,120.0
718,752.0
719,56.0
720,494.0
721,754.0
722,827.0
723,60.0
724,590.0
725,867.0
726,616.0
727,754.0
728,727.0
729,93.0
730,554.0
731,709.0
732,850.0
733,851.0
734,762.0
735,345.0
736,625.0
737,625.0
738,142.0
739,863.0
740,726.0
741,726.0
742,761.0
743,863.0
744,449.0
745,246.0
746,754.0
747,794.0
748,746.0
749,696.0
750,746.0
751,777.0
752,746.0
753,32.0
754,156.0
755,863.0
756,203.0
757,746.0
758,621.0
759,189.0
760,272.0
761,590.0
762,461.0
763,695.0
764,756.0
765,849.0
766,849.0
767,558.0
768,761.0
769,728.0
770,723.0
771,179.0
772,546.0
773,761.0
774,755.0
775,794.0
776,744.0
777,400.0
778,695.0
779,535.0
780,695.0
781,722.0
782,746.0
783,758.0
784,101.0
785,536.0
786,762.0
787,207.0
788,189.0
789,778.0
790,794.0
791,686.0
792,748.0
793,541.0
794,483.0
795,273.0
796,273.0
797,273.0
798,273.0
799,201.0
800,759.0
801,776.0
802,661.0
803,47.0
804,568.0
805,590.0
806,139.0
807,677.0
808,5.0
809,761.0
810,201.0
811,590.0
812,156.0
813,24.0
814,483.0
815,698.0
816,754.0
817,697.0
818,590.0
819,863.0
820,464.0
821,496.0
822,2.0
823,496.0
824,496.0
825,70.0
826,429.0
827,535.0
828,711.0
829,769.0
830,142.0
831,696.0
832,269.0
833,278.0
834,554.0
835,721.0
836,464.0
837,762.0
838,540.0
839,655.0
840,2.0
841,536.0
842,723.0
843,179.0
844,207.0
845,746.0
846,746.0
847,713.0
848,570.0
849,92.0
850,753.0
851,73.0
852,46.0
853,863.0
854,855.0
855,536.0
856,728.0
857,606.0
858,429.0
859,616.0
860,11.0
861,530.0
862,530.0
863,530.0
864,530.0
865,530.0
866,530.0
867,530.0
868,530.0
869,546.0
870,530.0
871,695.0
872,530.0
873,18.0
874,139.0
875,748.0
876,827.0
877,583.0
878,863.0
879,139.0
880,102.0
881,699.0
882,40.0
883,863.0
884,863.0
885,456.0
886,845.0
887,590.0
888,752.0
889,863.0
890,809.0
891,154.0
892,461.0
893,794.0
894,695.0
895,756.0
896,275.0
897,554.0
898,83.0
899,535.0
900,491.0
901,590.0
902,139.0
903,55.0
904,319.0
905,42.0
906,46.0
907,822.0
908,797.0
909,630.0
910,583.0
911,202.0
912,102.0
913,625.0
914,7.0
915,696.0
916,631.0
917,777.0
918,586.0
919,698.0
920,45.0
921,189.0
922,753.0
923,207.0
924,449.0
925,96.0
926,753.0
927,269.0
928,623.0
929,754.0
930,756.0
931,364.0
932,746.0
933,746.0
934,623.0
935,535.0
936,870.0
937,575.0
938,657.0
939,40.0
940,75.0
941,210.0
942,201.0
943,54.0
944,752.0
945,644.0
946,104.0
947,535.0
948,73.0
949,711.0
950,677.0
951,606.0
952,246.0
953,760.0
954,263.0
955,263.0
956,10.0
957,759.0
958,496.0
959,752.0
960,759.0
961,289.0
962,728.0
963,536.0
964,752.0
965,480.0
966,760.0
967,237.0
968,744.0
969,364.0
970,330.0
971,754.0
972,202.0
973,691.0
974,850.0
975,36.0
976,46.0
977,845.0
978,760.0
979,154.0
980,590.0
981,263.0
982,586.0
983,189.0
984,464.0
985,448.0
986,210.0
987,546.0
988,535.0
989,622.0
990,156.0
991,746.0
992,622.0
993,850.0
994,850.0
995,275.0
996,431.0
997,754.0
998,269.0
999,754.0
1000,586.0
1001,863.0
1002,63.0
1003,39.0
1004,863.0
1005,64.0
1006,786.0
1007,863.0
1008,60.0
1009,480.0
1010,863.0
1011,57.0
1012,863.0
1013,786.0
1014,239.0
1015,863.0
1016,535.0
1017,337.0
1018,778.0
1019,196.0
1020,22.0
1021,269.0
1022,863.0
1023,625.0
1024,765.0
1025,72.0
1026,794.0
1027,540.0
1028,715.0
1029,263.0
1030,696.0
1031,575.0
1032,554.0
1033,482.0
1034,744.0
1035,636.0
1036,50.0
1037,93.0
1038,535.0
1039,313.0
1040,337.0
1041,42.0
1042,554.0
1043,201.0
1044,179.0
1045,540.0
1046,42.0
1047,746.0
1048,686.0
1049,753.0
1050,329.0
1051,396.0
1052,746.0
1053,822.0
1054,75.0
1055,102.0
1056,698.0
1057,870.0
1058,590.0
1059,744.0
1060,622.0
1061,75.0
1062,620.0
1063,761.0
1064,104.0
1065,541.0
1066,699.0
1067,582.0
1068,582.0
1069,431.0
1070,794.0
1071,156.0
1072,157.0
1073,60.0
1074,623.0
1075,139.0
1076,530.0
1077,51.0
1078,443.0
1079,83.0
1080,70.0
1081,755.0
1082,845.0
1083,630.0
1084,573.0
1085,630.0
1086,42.0
1087,863.0
1088,73.0
1089,630.0
1090,535.0
1091,64.0
1092,44.0
1093,755.0
1094,575.0
1095,554.0
1096,483.0
1097,396.0
1098,573.0
1099,845.0
1100,564.0
1101,752.0
1102,535.0
1103,536.0
1104,696.0
1105,202.0
1106,189.0
1107,139.0
1108,493.0
1109,2.0
1110,466.0
1111,755.0
1112,863.0
1113,744.0
1114,96.0
1115,73.0
1116,535.0
1117,746.0
1118,769.0
1119,443.0
1120,535.0
1121,759.0
1122,121.0
1123,863.0
1124,691.0
1125,695.0
1126,754.0
1127,721.0
1128,178.0
1129,467.0
1130,142.0
1131,698.0
1132,746.0
1133,340.0
1134,564.0
1135,189.0
1136,56.0
1137,496.0
1138,457.0
1139,104.0
1140,541.0
1141,3.0
1142,693.0
1143,769.0
1144,723.0
1145,630.0
1146,753.0
1147,50.0
1148,657.0
1149,337.0
1150,2.0
1151,488.0
1152,771.0
1153,786.0
1154,448.0
1155,22.0
1156,178.0
1157,691.0
1158,765.0
1159,746.0
1160,196.0
1161,263.0
1162,586.0
1163,142.0
1164,850.0
1165,92.0
1166,822.0
1167,709.0
1168,85.0
1169,771.0
1170,536.0
1171,726.0
1172,559.0
1173,540.0
1174,289.0
1175,582.0
1176,448.0
1177,55.0
1178,121.0
1179,246.0
1180,784.0
1181,752.0
1182,845.0
1183,263.0
1184,618.0
1185,697.0
1186,797.0
1187,92.0
1188,573.0
1189,863.0
1190,554.0
1191,339.0
1192,585.0
1193,657.0
1194,1.0
1195,493.0
1196,744.0
1197,456.0
1198,863.0
1199,621.0
1200,794.0
1201,94.0
1202,101.0
1203,845.0
1204,630.0
1205,867.0
1206,849.0
1207,849.0
1208,558.0
1209,535.0
1210,263.0
1211,201.0
1212,746.0
1213,723.0
1214,744.0
1215,239.0
1216,156.0
1217,657.0
1218,746.0
1219,207.0
1220,755.0
1221,851.0
1222,760.0
1223,848.0
1224,848.0
1225,269.0
1226,711.0
1227,636.0
1228,263.0
1229,541.0
1230,400.0
1231,585.0
1232,329.0
1233,202.0
1234,535.0
1235,695.0
1236,536.0
1237,93.0
1238,482.0
1239,45.0
1240,121.0
1241,39.0
1242,762.0
1243,677.0
1244,210.0
1245,677.0
1246,239.0
1247,867.0
1248,201.0
1249,246.0
1250,867.0
1251,867.0
1252,867.0
1253,867.0
1254,867.0
1255,794.0
1256,461.0
1257,851.0
1258,762.0
1259,3.0
1260,496.0
1261,496.0
1262,535.0
1263,696.0
1264,621.0
1265,120.0
1266,120.0
1267,610.0
1268,269.0
1269,488.0
1270,586.0
1271,464.0
1272,867.0
1273,536.0
1274,863.0
1275,762.0
1276,448.0
1277,765.0
1278,575.0
1279,32.0
1280,101.0
1281,744.0
1282,193.0
1283,92.0
1284,340.0
1285,340.0
1286,723.0
1287,746.0
1288,590.0
1289,695.0
1290,760.0
1291,10.0
1292,752.0
1293,863.0
1294,96.0
1295,464.0
1296,752.0
1297,396.0
1298,83.0
1299,760.0
1300,11.0
1301,154.0
1302,748.0
1303,590.0
1304,505.0
1305,207.0
1306,483.0
1307,154.0
1308,851.0
1309,55.0
1310,568.0
1311,583.0
1312,535.0
1313,115.0
1314,202.0
1315,278.0
1316,468.0
1317,30.0
1318,202.0
1319,269.0
1320,480.0
1321,753.0
1322,784.0
1323,845.0
1324,582.0
1325,582.0
1326,583.0
1327,23.0
1328,863.0
1329,461.0
1330,51.0
1331,728.0
1332,345.0
1333,755.0
1334,466.0
1335,809.0
1336,769.0
1337,82.0
1338,761.0
1339,590.0
1340,139.0
1341,845.0
1342,5.0
1343,794.0
1344,777.0
1345,777.0
1346,777.0
1347,583.0
1348,752.0
1349,114.0
1350,419.0
1351,307.0
1352,746.0
1353,752.0
1354,863.0
1355,540.0
1356,744.0
1357,755.0
1358,546.0
1359,483.0
1360,345.0
1361,727.0
1362,178.0
1363,863.0
1364,55.0
1365,570.0
1366,307.0
1367,121.0
1368,657.0
1369,727.0
1370,329.0
1371,797.0
1372,863.0
1373,677.0
1374,752.0
1375,726.0
1376,845.0
1377,505.0
1378,631.0
1379,752.0
1380,263.0
1381,827.0
1382,585.0
1383,686.0
1384,850.0
1385,207.0
1386,202.0
1387,690.0
1388,845.0
1389,45.0
1390,630.0
1391,94.0
1392,777.0
1393,778.0
1394,752.0
1395,837.0
1396,621.0
1397,82.0
1398,480.0
1399,756.0
1400,696.0
1401,845.0
1402,196.0
1403,696.0
1404,845.0
1405,695.0
1406,120.0
1407,794.0
1408,852.0
1409,852.0
1410,755.0
1411,590.0
1412,851.0
1413,863.0
1414,1.0
1415,5.0
1416,850.0
1417,156.0
1418,863.0
1419,550.0
1420,139.0
1421,330.0
1422,586.0
1423,483.0
1424,630.0
1425,63.0
1426,863.0
1427,568.0
1428,590.0
1429,621.0
1430,429.0
1431,2.0
1432,616.0
1433,575.0
1434,863.0
1435,746.0
1436,244.0
1437,244.0
1438,244.0
1439,863.0
1440,644.0
1441,101.0
1442,758.0
1443,340.0
1444,111.0
1445,778.0
1446,546.0
1447,848.0
1448,848.0
1449,848.0
1450,723.0
1451,540.0
1452,863.0
1453,794.0
1454,859.0
1455,606.0
1456,863.0
1457,575.0
1458,851.0
1459,698.0
1460,101.0
1461,93.0
1462,728.0
1463,329.0
1464,752.0
1465,480.0
1466,677.0
1467,178.0
1468,452.0
1469,42.0
1470,404.0
1471,554.0
1472,179.0
1473,786.0
1474,573.0
1475,22.0
1476,535.0
1477,761.0
1478,570.0
1479,466.0
1480,482.0
1481,18.0
1482,32.0
1483,778.0
1484,96.0
1485,695.0
1486,744.0
1487,75.0
1488,695.0
1489,193.0
1490,541.0
1491,273.0
1492,746.0
1493,546.0
1494,728.0
1495,55.0
1496,101.0
1497,746.0
1498,452.0
1499,715.0
1500,746.0
1501,273.0
1502,794.0
1503,610.0
1504,272.0
1505,530.0
1506,102.0
1507,753.0
1508,467.0
1509,51.0
1510,752.0
1511,570.0
1512,709.0
1513,464.0
1514,483.0
1515,554.0
1516,695.0
1517,5.0
1518,505.0
1519,655.0
1520,73.0
1521,467.0
1522,686.0
1523,120.0
1524,483.0
1525,207.0
1526,695.0
1527,45.0
1528,760.0
1529,345.0
1530,631.0
1531,269.0
1532,73.0
1533,697.0
1534,759.0
1535,85.0
1536,237.0
1537,30.0
1538,201.0
1539,696.0
1540,699.0
1541,535.0
1542,709.0
1543,1.0
1544,36.0
1545,493.0
1546,2.0
1547,46.0
1548,142.0
1549,60.0
1550,505.0
1551,845.0
1552,696.0
1553,546.0
1554,859.0
1555,483.0
1556,536.0
1557,201.0
1558,154.0
1559,72.0
1560,863.0
1561,644.0
1562,467.0
1563,746.0
1564,73.0
1565,340.0
1566,794.0
1567,748.0
1568,753.0
1569,50.0
1570,723.0
1571,713.0
1572,104.0
1573,541.0
1574,863.0
1575,695.0
1576,746.0
1577,657.0
1578,464.0
1579,464.0
1580,464.0
1581,464.0
1582,464.0
1583,582.0
1584,275.0
1585,22.0
1586,157.0
1587,708.0
1588,83.0
1589,178.0
1590,272.0
1591,196.0
1592,809.0
1593,82.0
1594,695.0
1595,558.0
1596,93.0
1597,727.0
1598,546.0
1599,94.0
1600,540.0
1601,753.0
1602,590.0
1603,75.0
1604,752.0
1605,269.0
1606,746.0
1607,92.0
1608,863.0
1609,573.0
1610,759.0
1611,56.0
1612,708.0
1613,536.0
1614,63.0
1615,30.0
1616,845.0
1617,848.0
1618,1.0
1619,771.0
1620,319.0
1621,709.0
1622,863.0
1623,630.0
1624,178.0
1625,120.0
1626,178.0
1627,340.0
1628,696.0
1629,590.0
1630,755.0
1631,448.0
1632,400.0
1633,616.0
1634,753.0
1635,558.0
1636,32.0
1637,744.0
1638,744.0
1639,744.0
1640,631.0
1641,540.0
1642,467.0
1643,483.0
1644,848.0
1645,73.0
1646,845.0
1647,837.0
1648,115.0
1649,755.0
1650,269.0
1651,272.0
1652,464.0
1653,464.0
1654,464.0
1655,696.0
1656,263.0
1657,396.0
1658,863.0
1659,863.0
1660,535.0
1661,535.0
1662,752.0
1663,794.0
1664,559.0
1665,483.0
1666,842.0
1667,536.0
1668,661.0
1669,47.0
1670,590.0
1671,104.0
1672,694.0
1673,159.0
1674,319.0
1675,695.0
1676,851.0
1677,723.0
1678,863.0
1679,269.0
1680,3.0
1681,189.0
1682,154.0
1683,794.0
1684,535.0
1685,400.0
1686,278.0
1687,809.0
1688,753.0
1689,480.0
1690,400.0
1691,558.0
1692,746.0
1693,51.0
1694,207.0
1695,407.0
1696,870.0
1697,760.0
1698,457.0
1699,786.0
1700,239.0
1701,623.0
1702,590.0
1703,178.0
1704,708.0
1705,4.0
1706,419.0
1707,535.0
1708,870.0
1709,746.0
1710,636.0
1711,698.0
1712,748.0
1713,708.0
1714,263.0
1715,407.0
1716,586.0
1717,480.0
1718,114.0
1719,753.0
1720,10.0
1721,845.0
1722,746.0
1723,337.0
1724,851.0
1725,24.0
1726,590.0
1727,546.0
1728,822.0
1729,727.0
1730,461.0
1731,189.0
1732,540.0
1733,728.0
1734,275.0
1735,273.0
1736,797.0
1737,139.0
1738,573.0
1739,590.0
1740,1.0
1741,42.0
1742,630.0
1743,623.0
1744,540.0
1745,46.0
1746,57.0
1747,625.0
1748,625.0
1749,625.0
1750,83.0
1751,690.0
1752,758.0
1753,337.0
1754,30.0
1755,758.0
1756,695.0
1757,535.0
1758,697.0
1759,24.0
1760,590.0
1761,201.0
1762,573.0
1763,655.0
1764,746.0
1765,752.0
1766,752.0
1767,709.0
1768,699.0
1769,863.0
1770,845.0
1771,863.0
1772,121.0
1773,625.0
1774,546.0
1775,870.0
1776,870.0
1777,870.0
1778,870.0
1779,846.0
1780,677.0
1781,845.0
1782,709.0
1783,248.0
1784,248.0
1785,573.0
1786,695.0
1787,536.0
1788,723.0
1789,794.0
1790,848.0
1791,748.0
1792,746.0
1793,85.0
1794,505.0
1795,535.0
1796,121.0
1797,159.0
1798,586.0
1799,622.0
1800,699.0
1801,32.0
1802,193.0
1803,429.0
1804,850.0
1805,429.0
1806,114.0
1807,493.0
1808,40.0
1809,400.0
1810,752.0
1811,715.0
1812,696.0
1813,760.0
1814,111.0
1815,96.0
1816,852.0
1817,272.0
1818,695.0
1819,845.0
1820,83.0
1821,590.0
1822,40.0
1823,142.0
1824,564.0
1825,564.0
1826,564.0
1827,564.0
1828,564.0
1829,794.0
1830,535.0
1831,51.0
1832,482.0
1833,201.0
1834,51.0
1835,606.0
1836,851.0
1837,844.0
1838,1.0
1839,120.0
1840,863.0
1841,272.0
1842,57.0
1843,275.0
1844,139.0
1845,3.0
1846,709.0
1847,269.0
1848,758.0
1849,852.0
1850,728.0
1851,863.0
1852,203.0
1853,623.0
1854,746.0
1855,550.0
1856,407.0
1857,396.0
1858,10.0
1859,863.0
1860,575.0
1861,744.0
1862,57.0
1863,493.0
1864,156.0
1865,72.0
1866,848.0
1867,54.0
1868,104.0
1869,196.0
1870,73.0
1871,22.0
1872,269.0
1873,695.0
1874,22.0
1875,46.0
1876,337.0
1877,550.0
1878,178.0
1879,178.0
1880,870.0
1881,746.0
1882,752.0
1883,863.0
1884,575.0
1885,554.0
1886,631.0
1887,846.0
1888,63.0
1889,50.0
1890,746.0
1891,157.0
1892,761.0
1893,272.0
1894,272.0
1895,272.0
1896,753.0
1897,852.0
1898,845.0
1899,583.0
1900,42.0
1901,711.0
1902,337.0
1903,102.0
1904,586.0
1905,496.0
1906,496.0
1907,273.0
1908,606.0
1909,859.0
1910,863.0
1911,695.0
1912,695.0
1913,752.0
1914,677.0
1915,104.0
1916,546.0
1917,726.0
1918,63.0
1919,480.0
1920,75.0
1921,102.0
1922,863.0
1923,96.0
1924,96.0
1925,842.0
1926,708.0
1927,329.0
1928,606.0
1929,289.0
1930,677.0
1931,568.0
1932,202.0
1933,746.0
1934,848.0
1935,660.0
1936,845.0
1937,263.0
1938,582.0
1939,582.0
1940,582.0
1941,540.0
1942,82.0
1943,196.0
1944,536.0
1945,722.0
1946,727.0
1947,313.0
1948,636.0
1949,753.0
1950,850.0
1951,275.0
1952,752.0
1953,722.0
1954,784.0
1955,5.0
1956,114.0
1957,203.0
1958,848.0
1959,848.0
1960,400.0
1961,535.0
1962,45.0
1963,550.0
1964,550.0
1965,550.0
1966,575.0
1967,554.0
1968,142.0
1969,467.0
1970,540.0
1971,483.0
1972,852.0
1973,483.0
1974,156.0
1975,239.0
1976,586.0
1977,708.0
1978,744.0
1979,60.0
1980,154.0
1981,863.0
1982,461.0
1983,845.0
1984,728.0
1985,863.0
1986,758.0
1987,464.0
1988,759.0
1989,709.0
1990,85.0
1991,466.0
1992,496.0
1993,846.0
1994,407.0
1995,92.0
1996,842.0
1997,5.0
1998,101.0
1999,695.0
2000,698.0
2001,590.0
2002,621.0
2003,241.0
2004,726.0
2005,278.0
2006,848.0
2007,762.0
2008,340.0
2009,340.0
2010,72.0
2011,759.0
2012,723.0
2013,466.0
2014,483.0
2015,189.0
2016,536.0
2017,178.0
2018,761.0
2019,540.0
2020,536.0
2021,540.0
2022,269.0
2023,60.0
2024,3.0
2025,178.0
2026,797.0
2027,727.0
2028,93.0
2029,47.0
2030,590.0
2031,870.0
2032,870.0
2033,870.0
2034,540.0
2035,794.0
2036,36.0
2037,863.0
2038,621.0
2039,786.0
2040,755.0
2041,606.0
2042,85.0
2043,863.0
2044,696.0
2045,753.0
2046,92.0
2047,620.0
2048,845.0
2049,625.0
2050,535.0
2051,443.0
2052,345.0
2053,696.0
2054,746.0
2055,863.0
2056,863.0
2057,696.0
2058,54.0
2059,709.0
2060,540.0
2061,54.0
2062,623.0
2063,842.0
2064,550.0
2065,60.0
2066,244.0
2067,558.0
2068,794.0
2069,535.0
2070,178.0
2071,207.0
2072,752.0
2073,207.0
2074,744.0
2075,744.0
2076,850.0
2077,275.0
2078,154.0
2079,82.0
2080,483.0
2081,530.0
2082,207.0
2083,189.0
2084,695.0
2085,72.0
2086,582.0
2087,582.0
2088,239.0
2089,746.0
2090,694.0
2091,753.0
2092,620.0
2093,755.0
2094,203.0
2095,207.0
2096,464.0
2097,863.0
2098,396.0
2099,396.0
2100,564.0
2101,272.0
2102,272.0
2103,18.0
2104,263.0
2105,696.0
2106,621.0
2107,535.0
2108,575.0
2109,759.0
2110,554.0
2111,590.0
2112,863.0
2113,848.0
2114,848.0
2115,156.0
2116,845.0
2117,289.0
2118,837.0
2119,404.0
2120,142.0
2121,57.0
2122,794.0
2123,863.0
2124,797.0
2125,2.0
2126,863.0
2127,121.0
2128,263.0
2129,330.0
2130,60.0
2131,746.0
2132,554.0
2133,207.0
2134,269.0
2135,24.0
2136,431.0
2137,239.0
2138,210.0
2139,85.0
2140,711.0
2141,631.0
2142,57.0
2143,863.0
2144,207.0
2145,491.0
2146,156.0
2147,655.0
2148,493.0
2149,196.0
2150,178.0
2151,756.0
2152,695.0
2153,678.0
2154,746.0
2155,44.0
2156,726.0
2157,618.0
2158,583.0
2159,7.0
2160,483.0
2161,590.0
2162,278.0
2163,452.0
2164,848.0
2165,848.0
2166,855.0
2167,848.0
2168,466.0
2169,794.0
2170,636.0
2171,488.0
2172,590.0
2173,822.0
2174,496.0
2175,96.0
2176,461.0
2177,404.0
2178,621.0
2179,863.0
2180,275.0
2181,863.0
2182,559.0
2183,404.0
2184,535.0
2185,697.0
2186,404.0
2187,797.0
2188,746.0
2189,120.0
2190,83.0
2191,863.0
2192,863.0
2193,64.0
2194,758.0
2195,248.0
2196,786.0
2197,695.0
2198,94.0
2199,618.0
2200,746.0
2201,63.0
2202,590.0
2203,64.0
2204,711.0
2205,56.0
2206,568.0
2207,573.0
2208,10.0
2209,45.0
2210,101.0
2211,744.0
2212,483.0
2213,546.0
2214,760.0
2215,483.0
2216,631.0
2217,46.0
2218,794.0
2219,248.0
2220,248.0
2221,404.0
2222,744.0
2223,541.0
2224,752.0
2225,536.0
2226,570.0
2227,207.0
2228,6.0
2229,193.0
2230,794.0
2231,396.0
2232,36.0
2233,752.0
2234,269.0
2235,535.0
2236,480.0
2237,535.0
2238,535.0
2239,846.0
2240,407.0
2241,568.0
2242,70.0
2243,752.0
2244,754.0
2245,273.0
2246,273.0
2247,178.0
2248,40.0
2249,102.0
2250,696.0
2251,630.0
2252,755.0
2253,744.0
2254,848.0
2255,848.0
2256,269.0
2257,677.0
2258,54.0
2259,449.0
2260,42.0
2261,467.0
2262,275.0
2263,139.0
2264,44.0
2265,853.0
2266,776.0
2267,568.0
2268,696.0
2269,844.0
2270,46.0
2271,677.0
2272,36.0
2273,467.0
2274,193.0
2275,1.0
2276,400.0
2277,690.0
2278,120.0
2279,120.0
2280,120.0
2281,120.0
2282,337.0
2283,583.0
2284,104.0
2285,541.0
2286,661.0
2287,42.0
2288,269.0
2289,60.0
2290,746.0
2291,621.0
2292,263.0
2293,752.0
2294,564.0
2295,554.0
2296,851.0
2297,661.0
2298,590.0
2299,505.0
2300,337.0
2301,752.0
2302,845.0
2303,564.0
2304,727.0
2305,696.0
2306,535.0
2307,746.0
2308,55.0
2309,201.0
2310,540.0
2311,859.0
2312,263.0
2313,491.0
2314,491.0
2315,273.0
2316,855.0
2317,273.0
2318,246.0
2319,154.0
2320,207.0
2321,4.0
2322,45.0
2323,96.0
2324,263.0
2325,329.0
2326,63.0
2327,329.0
2328,631.0
2329,142.0
2330,18.0
2331,483.0
2332,546.0
2333,863.0
2334,644.0
2335,480.0
2336,546.0
2337,698.0
2338,536.0
2339,263.0
2340,845.0
2341,272.0
2342,272.0
2343,822.0
2344,822.0
2345,822.0
2346,201.0
2347,630.0
2348,54.0
2349,863.0
2350,753.0
2351,207.0
2352,585.0
2353,636.0
2354,491.0
2355,36.0
2356,201.0
2357,655.0
2358,239.0
2359,45.0
2360,695.0
2361,4.0
2362,690.0
2363,535.0
2364,239.0
2365,196.0
2366,339.0
2367,622.0
2368,755.0
2369,630.0
2370,554.0
2371,93.0
2372,686.0
2373,483.0
2374,573.0
2375,269.0
2376,644.0
2377,493.0
2378,573.0
2379,849.0
2380,536.0
2381,822.0
2382,762.0
2383,696.0
2384,263.0
2385,744.0
2386,263.0
2387,54.0
2388,202.0
2389,83.0
2390,575.0
2391,590.0
2392,755.0
2393,625.0
2394,400.0
2395,92.0
2396,695.0
2397,179.0
2398,157.0
2399,863.0
2400,863.0
2401,535.0
2402,746.0
2403,94.0
2404,863.0
2405,760.0
2406,661.0
2407,721.0
2408,570.0
2409,851.0
2410,535.0
2411,723.0
2412,546.0
2413,468.0
2414,746.0
2415,657.0
2416,618.0
2417,340.0
2418,786.0
2419,289.0
2420,827.0
2421,585.0
2422,50.0
2423,590.0
2424,753.0
2425,244.0
2426,244.0
2427,82.0
2428,466.0
2429,179.0
2430,644.0
2431,695.0
2432,54.0
2433,39.0
2434,661.0
2435,493.0
2436,47.0
2437,42.0
2438,142.0
2439,759.0
2440,696.0
2441,695.0
2442,621.0
2443,457.0
2444,621.0
2445,120.0
2446,120.0
2447,289.0
2448,746.0
2449,483.0
2450,111.0
2451,851.0
2452,44.0
2453,63.0
2454,753.0
2455,207.0
2456,42.0
2457,269.0
2458,493.0
2459,744.0
2460,104.0
2461,758.0
2462,42.0
2463,207.0
2464,762.0
2465,677.0
2466,644.0
2467,72.0
2468,746.0
2469,586.0
2470,753.0
2471,558.0
2472,723.0
2473,753.0
2474,863.0
2475,248.0
2476,621.0
2477,630.0
2478,723.0
2479,47.0
2480,630.0
2481,762.0
2482,845.0
2483,75.0
2484,752.0
2485,196.0
2486,746.0
2487,111.0
2488,111.0
2489,111.0
2490,746.0
2491,715.0
2492,809.0
2493,115.0
2494,203.0
2495,756.0
2496,72.0
2497,756.0
2498,178.0
2499,157.0
2500,746.0
2501,6.0
2502,121.0
2503,759.0
2504,263.0
2505,590.0
2506,698.0
2507,794.0
2508,488.0
2509,721.0
2510,483.0
2511,482.0
2512,275.0
2513,746.0
2514,431.0
2515,794.0
2516,483.0
2517,57.0
2518,449.0
2519,246.0
2520,495.0
2521,495.0
2522,746.0
2523,696.0
2524,758.0
2525,753.0
2526,246.0
2527,586.0
2528,753.0
2529,272.0
2530,559.0
2531,622.0
2532,114.0
2533,179.0
2534,269.0
2535,762.0
2536,631.0
2537,482.0
2538,625.0
2539,845.0
2540,554.0
2541,156.0
2542,92.0
2543,752.0
2544,345.0
2545,863.0
2546,263.0
2547,708.0
2548,92.0
2549,179.0
2550,727.0
2551,178.0
2552,845.0
2553,104.0
2554,449.0
2555,695.0
2556,863.0
2557,697.0
2558,630.0
2559,179.0
2560,575.0
2561,483.0
2562,794.0
2563,142.0
2564,47.0
2565,246.0
2566,75.0
2567,850.0
2568,761.0
2569,758.0
2570,655.0
2571,758.0
2572,337.0
2573,210.0
2574,695.0
2575,337.0
2576,709.0
2577,852.0
2578,852.0
2579,92.0
2580,853.0
2581,590.0
2582,606.0
2583,853.0
2584,853.0
2585,853.0
2586,746.0
2587,863.0
2588,728.0
2589,631.0
2590,582.0
2591,746.0
2592,863.0
2593,156.0
2594,96.0
2595,822.0
2596,752.0
2597,867.0
2598,196.0
2599,570.0
2600,269.0
2601,11.0
2602,207.0
2603,483.0
2604,94.0
2605,55.0
2606,63.0
2607,726.0
2608,845.0
2609,794.0
2610,590.0
2611,867.0
2612,452.0
2613,114.0
2614,753.0
2615,452.0
2616,75.0
2617,863.0
2618,10.0
2619,396.0
2620,746.0
2621,752.0
2622,863.0
2623,623.0
2624,709.0
2625,752.0
2626,575.0
2627,307.0
2628,863.0
2629,753.0
2630,480.0
2631,618.0
2632,758.0
2633,713.0
2634,754.0
2635,590.0
2636,83.0
2637,590.0
2638,752.0
2639,329.0
2640,480.0
2641,55.0
2642,111.0
2643,754.0
2644,746.0
2645,753.0
2646,752.0
2647,623.0
2648,443.0
2649,777.0
2650,111.0
2651,583.0
2652,54.0
2653,400.0
2654,837.0
2655,760.0
2656,748.0
2657,11.0
2658,541.0
2659,546.0
2660,535.0
2661,189.0
2662,756.0
2663,483.0
2664,57.0
2665,695.0
2666,364.0
2667,102.0
2668,201.0
2669,330.0
2670,329.0
2671,778.0
2672,269.0
2673,120.0
2674,760.0
2675,54.0
2676,849.0
2677,467.0
2678,407.0
2679,794.0
2680,275.0
2681,189.0
2682,139.0
2683,696.0
2684,759.0
2685,760.0
2686,686.0
2687,752.0
2688,178.0
2689,452.0
2690,746.0
2691,96.0
2692,744.0
2693,677.0
2694,708.0
2695,275.0
2696,1.0
2697,178.0
2698,495.0
2699,842.0
2700,55.0
2701,846.0
2702,809.0
2703,623.0
2704,728.0
2705,695.0
2706,64.0
2707,44.0
2708,154.0
2709,18.0
2710,855.0
2711,541.0
2712,93.0
2713,842.0
2714,45.0
2715,64.0
2716,845.0
2717,156.0
2718,269.0
2719,746.0
2720,546.0
2721,540.0
2722,859.0
2723,697.0
2724,822.0
2725,623.0
2726,196.0
2727,246.0
2728,845.0
2729,448.0
2730,159.0
2731,573.0
2732,407.0
2733,72.0
2734,480.0
2735,75.0
2736,96.0
2737,631.0
2738,483.0
2739,289.0
2740,863.0
2741,114.0
2742,769.0
2743,248.0
2744,248.0
2745,248.0
2746,746.0
2747,827.0
2748,55.0
2749,60.0
2750,488.0
2751,755.0
2752,867.0
2753,728.0
2754,771.0
2755,96.0
2756,278.0
2757,794.0
2758,621.0
2759,85.0
2760,660.0
2761,535.0
2762,56.0
2763,744.0
2764,726.0
2765,340.0
2766,263.0
2767,752.0
2768,44.0
2769,744.0
2770,620.0
2771,329.0
2772,540.0
2773,483.0
2774,85.0
2775,313.0
2776,746.0
2777,758.0
2778,755.0
2779,851.0
2780,156.0
2781,448.0
2782,546.0
2783,535.0
2784,111.0
2785,758.0
2786,746.0
2787,794.0
2788,755.0
2789,661.0
2790,44.0
2791,449.0
2792,570.0
2793,467.0
2794,695.0
2795,5.0
2796,483.0
2797,60.0
2798,540.0
2799,575.0
2800,269.0
2801,6.0
2802,746.0
2803,758.0
2804,461.0
2805,746.0
2806,273.0
2807,536.0
2808,744.0
2809,407.0
2810,762.0
2811,696.0
2812,273.0
2813,157.0
2814,573.0
2815,721.0
2816,711.0
2817,464.0
2818,759.0
2819,201.0
2820,554.0
2821,744.0
2822,696.0
2823,698.0
2824,457.0
2825,786.0
2826,786.0
2827,786.0
2828,337.0
2829,493.0
2830,621.0
2831,491.0
2832,863.0
2833,73.0
2834,863.0
2835,630.0
2836,859.0
2837,92.0
2838,456.0
2839,154.0
2840,590.0
2841,278.0
2842,723.0
2843,540.0
2844,179.0
2845,722.0
2846,3.0
2847,464.0
2848,464.0
2849,464.0
2850,464.0
2851,464.0
2852,464.0
2853,464.0
2854,570.0
2855,786.0
2856,289.0
2857,207.0
2858,585.0
2859,550.0
2860,746.0
2861,752.0
2862,244.0
2863,244.0
2864,244.0
2865,564.0
2866,93.0
2867,686.0
2868,686.0
2869,47.0
2870,93.0
2871,844.0
2872,345.0
2873,794.0
2874,709.0
2875,822.0
2876,40.0
2877,535.0
2878,746.0
2879,535.0
2880,44.0
2881,273.0
2882,778.0
2883,863.0
2884,695.0
2885,102.0
2886,746.0
2887,482.0
2888,39.0
2889,407.0
2890,55.0
2891,246.0
2892,621.0
2893,711.0
2894,696.0
2895,559.0
2896,449.0
2897,727.0
2898,63.0
2899,616.0
2900,590.0
2901,26.0
2902,748.0
2903,752.0
2904,708.0
2905,2.0
2906,85.0
2907,45.0
2908,115.0
2909,568.0
2910,755.0
2911,621.0
2912,536.0
2913,695.0
2914,696.0
2915,697.0
2916,756.0
2917,443.0
2918,623.0
2919,193.0
2920,753.0
2921,558.0
2922,759.0
2923,746.0
2924,419.0
2925,179.0
2926,449.0
2927,156.0
2928,102.0
2929,759.0
2930,536.0
2931,657.0
2932,540.0
2933,636.0
2934,746.0
2935,746.0
2936,289.0
2937,536.0
2938,307.0
2939,307.0
2940,202.0
2941,400.0
2942,748.0
2943,863.0
2944,536.0
2945,448.0
2946,448.0
2947,120.0
2948,120.0
2949,115.0
2950,40.0
2951,11.0
2952,759.0
2953,189.0
2954,690.0
2955,337.0
2956,54.0
2957,794.0
2958,695.0
2959,760.0
2960,5.0
2961,60.0
2962,756.0
2963,329.0
2964,621.0
2965,559.0
2966,797.0
2967,822.0
2968,753.0
2969,586.0
2970,726.0
2971,753.0
2972,559.0
2973,248.0
2974,239.0
2975,449.0
2976,263.0
2977,677.0
2978,625.0
2979,758.0
2980,26.0
2981,457.0
2982,47.0
2983,686.0
2984,104.0
2985,196.0
2986,64.0
2987,202.0
2988,24.0
2989,752.0
2990,784.0
2991,870.0
2992,154.0
2993,727.0
2994,54.0
2995,483.0
2996,771.0
2997,583.0
2998,644.0
2999,269.0
3000,863.0
3001,863.0
3002,54.0
3003,530.0
3004,104.0
3005,760.0
3006,853.0
3007,590.0
3008,760.0
3009,46.0
3010,202.0
3011,606.0
3012,853.0
3013,482.0
3014,72.0
3015,606.0
3016,491.0
3017,202.0
3018,755.0
3019,695.0
3020,480.0
3021,73.0
3022,657.0
3023,761.0
3024,24.0
3025,696.0
3026,483.0
3027,540.0
3028,364.0
3029,711.0
3030,23.0
3031,606.0
3032,746.0
3033,590.0
3034,695.0
3035,726.0
3036,845.0
3037,142.0
3038,746.0
3039,329.0
3040,139.0
3041,758.0
3042,56.0
3043,695.0
3044,50.0
3045,87.0
3046,339.0
3047,339.0
3048,339.0
3049,339.0
3050,339.0
3051,339.0
3052,339.0
3053,339.0
3054,339.0
3055,339.0
3056,752.0
3057,154.0
3058,863.0
3059,491.0
3060,771.0
3061,120.0
3062,120.0
3063,644.0
3064,196.0
3065,746.0
3066,42.0
3067,179.0
3068,64.0
3069,207.0
3070,269.0
3071,761.0
3072,278.0
3073,794.0
3074,111.0
3075,748.0
3076,863.0
3077,55.0
3078,616.0
3079,54.0
3080,863.0
3081,104.0
3082,590.0
3083,760.0
3084,32.0
3085,756.0
3086,189.0
3087,535.0
3088,431.0
3089,207.0
3090,44.0
3091,696.0
3092,769.0
3093,863.0
3094,493.0
3095,263.0
3096,94.0
3097,40.0
3098,22.0
3099,196.0
3100,535.0
3101,863.0
3102,837.0
3103,51.0
3104,196.0
3105,746.0
3106,744.0
3107,754.0
3108,541.0
3109,156.0
3110,762.0
3111,461.0
3112,863.0
3113,275.0
3114,746.0
3115,752.0
3116,753.0
3117,822.0
3118,822.0
3119,154.0
3120,746.0
3121,695.0
3122,540.0
3123,713.0
3124,121.0
3125,708.0
3126,794.0
3127,794.0
3128,7.0
3129,201.0
3130,483.0
3131,851.0
3132,851.0
3133,94.0
3134,239.0
3135,771.0
3136,535.0
3137,623.0
3138,794.0
3139,644.0
3140,536.0
3141,307.0
3142,794.0
3143,6.0
3144,696.0
3145,695.0
3146,695.0
3147,93.0
3148,748.0
3149,111.0
3150,196.0
3151,848.0
3152,210.0
3153,337.0
3154,159.0
3155,42.0
3156,345.0
3157,55.0
3158,189.0
3159,794.0
3160,573.0
3161,60.0
3162,104.0
3163,863.0
3164,540.0
3165,859.0
3166,154.0
3167,696.0
3168,863.0
3169,263.0
3170,193.0
3171,746.0
3172,246.0
3173,482.0
3174,846.0
3175,794.0
3176,60.0
3177,159.0
3178,863.0
3179,101.0
3180,754.0
3181,207.0
3182,203.0
3183,75.0
3184,156.0
3185,364.0
3186,863.0
3187,695.0
3188,157.0
3189,711.0
3190,631.0
3191,863.0
3192,60.0
3193,686.0
3194,142.0
3195,269.0
3196,92.0
3197,582.0
3198,582.0
3199,822.0
3200,47.0
3201,278.0
3202,755.0
3203,558.0
3204,307.0
3205,307.0
3206,809.0
3207,540.0
3208,863.0
3209,82.0
3210,786.0
3211,535.0
3212,237.0
3213,657.0
3214,590.0
3215,452.0
3216,483.0
3217,844.0
3218,559.0
3219,699.0
3220,275.0
3221,744.0
3222,756.0
3223,859.0
3224,728.0
3225,644.0
3226,794.0
3227,535.0
3228,443.0
3229,570.0
3230,630.0
3231,746.0
3232,822.0
3233,855.0
3234,661.0
3235,44.0
3236,845.0
3237,467.0
3238,483.0
3239,845.0
3240,708.0
3241,121.0
3242,157.0
3243,837.0
3244,752.0
3245,92.0
3246,535.0
3247,746.0
3248,753.0
3249,51.0
3250,461.0
3251,721.0
3252,201.0
3253,482.0
3254,845.0
3255,480.0
3256,546.0
3257,540.0
3258,723.0
3259,695.0
3260,269.0
3261,480.0
3262,726.0
3263,201.0
3264,758.0
3265,590.0
3266,863.0
3267,464.0
3268,92.0
3269,554.0
3270,851.0
3271,179.0
3272,457.0
3273,786.0
3274,786.0
3275,457.0
3276,457.0
3277,456.0
3278,239.0
3279,263.0
3280,794.0
3281,863.0
3282,239.0
3283,727.0
3284,699.0
3285,307.0
3286,92.0
3287,727.0
3288,104.0
3289,695.0
3290,849.0
3291,39.0
3292,32.0
3293,753.0
3294,1.0
3295,179.0
3296,756.0
3297,723.0
3298,541.0
3299,695.0
3300,207.0
3301,863.0
3302,505.0
3303,870.0
3304,870.0
3305,546.0
3306,794.0
3307,93.0
3308,47.0
3309,709.0
3310,590.0
3311,40.0
3312,337.0
3313,535.0
3314,207.0
3315,727.0
3316,590.0
3317,111.0
3318,364.0
3319,246.0
3320,483.0
3321,178.0
3322,496.0
3323,837.0
3324,746.0
3325,758.0
3326,157.0
3327,237.0
3328,630.0
3329,852.0
3330,63.0
3331,541.0
3332,582.0
3333,201.0
3334,696.0
3335,443.0
3336,535.0
3337,248.0
3338,491.0
3339,573.0
3340,590.0
3341,139.0
3342,87.0
3343,272.0
3344,625.0
3345,202.0
3346,449.0
3347,337.0
3348,863.0
3349,530.0
3350,723.0
3351,786.0
3352,461.0
3353,275.0
3354,83.0
3355,697.0
3356,480.0
3357,564.0
3358,845.0
3359,64.0
3360,842.0
3361,744.0
3362,193.0
3363,583.0
3364,855.0
3365,746.0
3366,207.0
3367,154.0
3368,760.0
3369,541.0
3370,75.0
3371,570.0
3372,695.0
3373,723.0
3374,777.0
3375,345.0
3376,154.0
3377,50.0
3378,690.0
3379,541.0
3380,863.0
3381,696.0
3382,778.0
3383,73.0
3384,794.0
3385,794.0
3386,178.0
3387,744.0
3388,179.0
3389,762.0
3390,657.0
3391,759.0
3392,746.0
3393,189.0
3394,693.0
3395,618.0
3396,655.0
3397,762.0
3398,863.0
3399,120.0
3400,120.0
3401,590.0
3402,721.0
3403,536.0
3404,488.0
3405,541.0
3406,769.0
3407,625.0
3408,570.0
3409,159.0
3410,558.0
3411,863.0
3412,746.0
3413,695.0
3414,755.0
3415,541.0
3416,550.0
3417,636.0
3418,568.0
3419,573.0
3420,535.0
3421,822.0
3422,207.0
3423,859.0
3424,483.0
3425,483.0
3426,631.0
3427,540.0
3428,630.0
3429,728.0
3430,452.0
3431,630.0
3432,36.0
3433,585.0
3434,189.0
3435,754.0
3436,139.0
3437,54.0
3438,178.0
3439,246.0
3440,337.0
3441,677.0
3442,456.0
3443,827.0
3444,827.0
3445,827.0
3446,30.0
3447,585.0
3448,693.0
3449,114.0
3450,621.0
3451,755.0
3452,278.0
3453,480.0
3454,196.0
3455,695.0
3456,776.0
3457,364.0
3458,201.0
3459,777.0
3460,449.0
3461,870.0
3462,744.0
3463,726.0
3464,63.0
3465,54.0
3466,754.0
3467,583.0
3468,713.0
3469,863.0
3470,668.0
3471,263.0
3472,7.0
3473,863.0
3474,686.0
3475,727.0
3476,60.0
3477,765.0
3478,744.0
3479,246.0
3480,464.0
3481,758.0
3482,752.0
3483,845.0
3484,621.0
3485,443.0
3486,196.0
3487,39.0
3488,120.0
3489,848.0
3490,711.0
3491,313.0
3492,535.0
3493,709.0
3494,156.0
3495,496.0
3496,863.0
3497,746.0
3498,263.0
3499,558.0
3500,263.0
3501,855.0
3502,505.0
3503,541.0
3504,863.0
3505,850.0
3506,102.0
3507,535.0
3508,207.0
3509,196.0
3510,744.0
3511,39.0
3512,178.0
3513,746.0
3514,483.0
3515,863.0
3516,753.0
3517,488.0
3518,461.0
3519,863.0
3520,142.0
3521,540.0
3522,269.0
3523,541.0
3524,694.0
3525,752.0
3526,746.0
3527,340.0
3528,660.0
3529,505.0
3530,443.0
3531,114.0
3532,345.0
3533,483.0
3534,540.0
3535,44.0
3536,159.0
3537,746.0
3538,746.0
3539,196.0
3540,272.0
3541,536.0
3542,159.0
3543,157.0
3544,709.0
3545,631.0
3546,863.0
3547,289.0
3548,456.0
3549,196.0
3550,104.0
3551,859.0
3552,661.0
3553,480.0
3554,755.0
3555,121.0
3556,92.0
3557,698.0
3558,329.0
3559,863.0
3560,558.0
3561,319.0
3562,337.0
3563,345.0
3564,696.0
3565,752.0
3566,196.0
3567,535.0
3568,585.0
3569,530.0
3570,746.0
3571,559.0
3572,419.0
3573,744.0
3574,590.0
3575,45.0
3576,203.0
3577,239.0
3578,60.0
3579,590.0
3580,535.0
3581,5.0
3582,396.0
3583,722.0
3584,564.0
3585,54.0
3586,93.0
3587,156.0
3588,467.0
3589,483.0
3590,791.0
3591,568.0
3592,42.0
3593,754.0
3594,850.0
3595,57.0
3596,73.0
3597,756.0
3598,583.0
3599,157.0
3600,746.0
3601,863.0
3602,272.0
3603,590.0
3604,156.0
3605,111.0
3606,210.0
3607,550.0
3608,45.0
3609,480.0
3610,622.0
3611,660.0
3612,535.0
3613,762.0
3614,73.0
3615,466.0
3616,273.0
3617,758.0
3618,207.0
3619,156.0
3620,496.0
3621,101.0
3622,540.0
3623,57.0
3624,56.0
3625,536.0
3626,345.0
3627,319.0
3628,480.0
3629,480.0
3630,693.0
3631,794.0
3632,493.0
3633,239.0
3634,755.0
3635,55.0
3636,695.0
3637,756.0
3638,139.0
3639,849.0
3640,686.0
3641,480.0
3642,396.0
3643,396.0
3644,101.0
3645,855.0
3646,179.0
3647,851.0
3648,7.0
3649,722.0
3650,179.0
3651,452.0
3652,822.0
3653,695.0
3654,849.0
3655,319.0
3656,72.0
3657,827.0
3658,585.0
3659,263.0
3660,693.0
3661,82.0
3662,661.0
3663,3.0
3664,156.0
3665,83.0
3666,319.0
3667,535.0
3668,535.0
3669,590.0
3670,345.0
3671,179.0
3672,855.0
3673,56.0
3674,568.0
3675,313.0
3676,30.0
3677,863.0
3678,822.0
3679,822.0
3680,289.0
3681,728.0
3682,573.0
3683,246.0
3684,744.0
3685,696.0
3686,752.0
3687,696.0
3688,827.0
3689,202.0
3690,154.0
3691,157.0
3692,536.0
3693,85.0
3694,794.0
3695,449.0
3696,693.0
3697,466.0
3698,535.0
3699,711.0
3700,863.0
3701,621.0
3702,207.0
3703,36.0
3704,536.0
3705,92.0
3706,863.0
3707,746.0
3708,536.0
3709,695.0
3710,691.0
3711,121.0
3712,583.0
3713,159.0
3714,275.0
3715,723.0
3716,853.0
3717,845.0
3718,746.0
3719,697.0
3720,695.0
3721,695.0
3722,657.0
3723,278.0
3724,573.0
3725,154.0
3726,496.0
3727,496.0
3728,179.0
3729,44.0
3730,661.0
3731,36.0
3732,85.0
3733,189.0
3734,40.0
3735,156.0
3736,845.0
3737,846.0
3738,677.0
3739,863.0
3740,622.0
3741,759.0
3742,482.0
3743,845.0
3744,448.0
3745,448.0
3746,448.0
3747,448.0
3748,50.0
3749,794.0
3750,94.0
3751,36.0
3752,535.0
3753,867.0
3754,586.0
3755,695.0
3756,626.0
3757,495.0
3758,364.0
3759,263.0
3760,496.0
3761,139.0
3762,466.0
3763,586.0
3764,753.0
3765,699.0
3766,590.0
3767,203.0
3768,196.0
3769,863.0
3770,157.0
3771,449.0
3772,769.0
3773,690.0
3774,690.0
3775,114.0
3776,23.0
3777,698.0
3778,275.0
3779,246.0
3780,855.0
3781,464.0
3782,842.0
3783,189.0
3784,269.0
3785,493.0
3786,464.0
3787,115.0
3788,431.0
3789,75.0
3790,723.0
3791,863.0
3792,121.0
3793,859.0
3794,443.0
3795,339.0
3796,488.0
3797,771.0
3798,329.0
3799,697.0
3800,278.0
3801,24.0
3802,758.0
3803,535.0
3804,748.0
3805,85.0
3806,263.0
3807,449.0
3808,794.0
3809,202.0
3810,644.0
3811,690.0
3812,693.0
3813,189.0
3814,330.0
3815,776.0
3816,121.0
3817,142.0
3818,746.0
3819,263.0
3820,23.0
3821,337.0
3822,690.0
3823,690.0
3824,278.0
3825,655.0
3826,778.0
3827,696.0
3828,845.0
3829,809.0
3830,570.0
3831,697.0
3832,536.0
3833,201.0
3834,765.0
3835,723.0
3836,616.0
3837,842.0
3838,178.0
3839,329.0
3840,142.0
3841,494.0
3842,115.0
3843,46.0
3844,696.0
3845,11.0
3846,754.0
3847,51.0
3848,493.0
3849,94.0
3850,863.0
3851,756.0
3852,55.0
3853,536.0
3854,18.0
3855,536.0
3856,622.0
3857,568.0
3858,570.0
3859,64.0
3860,844.0
3861,3.0
3862,452.0
3863,564.0
3864,863.0
3865,491.0
3866,364.0
3867,590.0
3868,82.0
3869,10.0
3870,723.0
3871,207.0
3872,56.0
3873,845.0
3874,104.0
3875,207.0
3876,330.0
3877,63.0
3878,56.0
3879,842.0
3880,404.0
3881,94.0
3882,573.0
3883,636.0
3884,778.0
3885,179.0
3886,752.0
3887,540.0
3888,56.0
3889,448.0
3890,448.0
3891,448.0
3892,237.0
3893,85.0
3894,535.0
3895,491.0
3896,822.0
3897,655.0
3898,535.0
3899,104.0
3900,505.0
3901,715.0
3902,207.0
3903,863.0
3904,723.0
3905,746.0
3906,546.0
3907,535.0
3908,39.0
3909,698.0
3910,616.0
3911,863.0
3912,83.0
3913,272.0
3914,72.0
3915,713.0
3916,364.0
3917,202.0
3918,863.0
3919,179.0
3920,494.0
3921,494.0
3922,721.0
3923,494.0
3924,1.0
3925,101.0
3926,42.0
3927,466.0
3928,744.0
3929,748.0
3930,762.0
3931,776.0
3932,57.0
3933,307.0
3934,483.0
3935,622.0
3936,863.0
3937,44.0
3938,404.0
3939,852.0
3940,590.0
3941,93.0
3942,695.0
3943,686.0
3944,179.0
3945,699.0
3946,94.0
3947,575.0
3948,269.0
3949,483.0
3950,696.0
3951,746.0
3952,621.0
3953,278.0
3954,546.0
3955,696.0
3956,727.0
3957,51.0
3958,269.0
3959,657.0
3960,540.0
3961,696.0
3962,694.0
3963,694.0
3964,246.0
3965,694.0
3966,536.0
3967,339.0
3968,837.0
3969,559.0
3970,483.0
3971,178.0
3972,456.0
3973,630.0
3974,630.0
3975,746.0
3976,791.0
3977,289.0
3978,744.0
3979,536.0
3980,769.0
3981,709.0
3982,104.0
3983,541.0
3984,536.0
3985,727.0
3986,364.0
3987,535.0
3988,558.0
3989,3.0
3990,337.0
3991,809.0
3992,564.0
3993,4.0
3994,10.0
3995,345.0
3996,722.0
3997,559.0
3998,201.0
3999,111.0
4000,275.0
4001,695.0
4002,827.0
4003,40.0
4004,535.0
4005,111.0
4006,45.0
4007,480.0
4008,758.0
4009,616.0
4010,448.0
4011,448.0
4012,93.0
4013,845.0
4014,467.0
4015,618.0
4016,483.0
4017,727.0
4018,568.0
4019,554.0
4020,711.0
4021,46.0
4022,73.0
4023,863.0
4024,39.0
4025,96.0
4026,754.0
4027,850.0
4028,540.0
4029,759.0
4030,753.0
4031,630.0
4032,26.0
4033,723.0
4034,726.0
4035,536.0
4036,491.0
4037,491.0
4038,60.0
4039,272.0
4040,464.0
4041,491.0
4042,480.0
4043,540.0
4044,189.0
4045,23.0
4046,546.0
4047,36.0
4048,207.0
4049,239.0
4050,771.0
4051,263.0
4052,822.0
4053,179.0
4054,96.0
4055,761.0
4056,92.0
4057,178.0
4058,51.0
4059,179.0
4060,330.0
4061,330.0
4062,330.0
4063,237.0
4064,746.0
4065,96.0
4066,769.0
4067,179.0
4068,457.0
4069,273.0
4070,104.0
4071,590.0
4072,746.0
4073,96.0
4074,102.0
4075,554.0
4076,822.0
4077,590.0
4078,744.0
4079,713.0
4080,101.0
4081,93.0
4082,746.0
4083,728.0
4084,179.0
4085,202.0
4086,695.0
4087,728.0
4088,272.0
4089,754.0
4090,23.0
4091,755.0
4092,621.0
4093,699.0
4094,708.0
4095,26.0
4096,63.0
4097,753.0
4098,590.0
4099,715.0
4100,154.0
4101,696.0
4102,203.0
4103,845.0
4104,40.0
4105,3.0
4106,210.0
4107,30.0
4108,546.0
4109,400.0
4110,756.0
4111,746.0
4112,753.0
4113,863.0
4114,842.0
4115,159.0
4116,248.0
4117,248.0
4118,696.0
4119,449.0
4120,483.0
4121,754.0
4122,483.0
4123,636.0
4124,491.0
4125,694.0
4126,695.0
4127,154.0
4128,154.0
4129,564.0
4130,744.0
4131,746.0
4132,756.0
4133,657.0
4134,630.0
4135,488.0
4136,786.0
4137,431.0
4138,60.0
4139,263.0
4140,466.0
4141,623.0
4142,558.0
4143,863.0
4144,239.0
4145,759.0
4146,480.0
4147,794.0
4148,698.0
4149,156.0
4150,695.0
4151,39.0
4152,846.0
4153,756.0
4154,483.0
4155,456.0
4156,760.0
4157,753.0
4158,794.0
4159,590.0
4160,762.0
4161,715.0
4162,657.0
4163,848.0
4164,178.0
4165,863.0
4166,769.0
4167,269.0
4168,4.0
4169,179.0
4170,769.0
4171,496.0
4172,546.0
4173,154.0
4174,482.0
4175,457.0
4176,85.0
4177,11.0
4178,30.0
4179,760.0
4180,845.0
4181,794.0
4182,329.0
4183,32.0
4184,142.0
4185,630.0
4186,431.0
4187,120.0
4188,120.0
4189,621.0
4190,278.0
4191,407.0
4192,407.0
4193,859.0
4194,443.0
4195,7.0
4196,24.0
4197,690.0
4198,541.0
4199,24.0
4200,179.0
4201,269.0
4202,448.0
4203,849.0
4204,483.0
4205,483.0
4206,139.0
4207,505.0
4208,851.0
4209,36.0
4210,73.0
4211,794.0
4212,746.0
4213,699.0
4214,448.0
4215,709.0
4216,746.0
4217,794.0
4218,585.0
4219,769.0
4220,54.0
4221,644.0
4222,196.0
4223,723.0
4224,201.0
4225,115.0
4226,329.0
4227,46.0
4228,777.0
4229,568.0
4230,536.0
4231,696.0
4232,55.0
4233,94.0
4234,696.0
4235,364.0
4236,686.0
4237,237.0
4238,263.0
4239,457.0
4240,726.0
4241,863.0
4242,786.0
4243,535.0
4244,746.0
4245,193.0
4246,483.0
4247,70.0
4248,722.0
4249,753.0
4250,464.0
4251,464.0
4252,590.0
4253,695.0
4254,179.0
4255,64.0
4256,746.0
4257,765.0
4258,196.0
4259,530.0
4260,777.0
4261,753.0
4262,758.0
4263,727.0
4264,755.0
4265,263.0
4266,461.0
4267,708.0
4268,275.0
4269,40.0
4270,452.0
4271,622.0
4272,139.0
4273,590.0
4274,11.0
4275,269.0
4276,396.0
4277,139.0
4278,207.0
4279,777.0
4280,721.0
4281,863.0
4282,863.0
4283,120.0
4284,92.0
4285,278.0
4286,203.0
4287,483.0
4288,827.0
4289,715.0
4290,159.0
4291,546.0
4292,196.0
4293,849.0
4294,845.0
4295,443.0
4296,431.0
4297,464.0
4298,464.0
4299,771.0
4300,748.0
4301,746.0
4302,92.0
4303,102.0
4304,845.0
4305,535.0
4306,449.0
4307,495.0
4308,744.0
4309,794.0
4310,94.0
4311,207.0
4312,699.0
4313,396.0
4314,396.0
4315,156.0
4316,695.0
4317,752.0
4318,708.0
4319,93.0
4320,850.0
4321,47.0
4322,483.0
4323,677.0
4324,47.0
4325,1.0
4326,494.0
4327,494.0
4328,494.0
4329,494.0
4330,494.0
4331,494.0
4332,494.0
4333,494.0
4334,494.0
4335,494.0
4336,494.0
4337,494.0
4338,494.0
4339,494.0
4340,494.0
4341,494.0
4342,494.0
4343,494.0
4344,494.0
4345,494.0
4346,39.0
4347,753.0
4348,269.0
4349,746.0
4350,727.0
4351,622.0
4352,863.0
4353,307.0
4354,786.0
4355,82.0
4356,797.0
4357,754.0
4358,570.0
4359,23.0
4360,850.0
4361,761.0
4362,32.0
4363,554.0
4364,867.0
4365,483.0
4366,337.0
4367,696.0
4368,695.0
4369,853.0
4370,727.0
4371,696.0
4372,758.0
4373,461.0
4374,606.0
4375,46.0
4376,201.0
4377,22.0
4378,178.0
4379,827.0
4380,696.0
4381,837.0
4382,586.0
4383,468.0
4384,493.0
4385,101.0
4386,568.0
4387,863.0
4388,794.0
4389,269.0
4390,744.0
4391,289.0
4392,139.0
4393,64.0
4394,690.0
4395,690.0
4396,797.0
4397,493.0
4398,407.0
4399,22.0
4400,693.0
4401,101.0
4402,586.0
4403,677.0
4404,752.0
4405,696.0
4406,1.0
4407,777.0
4408,573.0
4409,845.0
4410,758.0
4411,201.0
4412,752.0
4413,606.0
4414,744.0
4415,275.0
4416,541.0
4417,488.0
4418,44.0
4419,407.0
4420,827.0
4421,156.0
4422,769.0
4423,756.0
4424,586.0
4425,63.0
4426,586.0
4427,625.0
4428,761.0
4429,616.0
4430,468.0
4431,468.0
4432,93.0
4433,239.0
4434,40.0
4435,104.0
4436,483.0
4437,728.0
4438,535.0
4439,863.0
4440,429.0
4441,10.0
4442,11.0
4443,851.0
4444,540.0
4445,690.0
4446,721.0
4447,721.0
4448,721.0
4449,721.0
4450,696.0
4451,746.0
4452,756.0
4453,546.0
4454,723.0
4455,115.0
4456,491.0
4457,464.0
4458,464.0
4459,464.0
4460,464.0
4461,464.0
4462,466.0
4463,644.0
4464,727.0
4465,554.0
4466,850.0
4467,677.0
4468,695.0
4469,536.0
4470,488.0
4471,83.0
4472,863.0
4473,695.0
4474,625.0
4475,693.0
4476,846.0
4477,863.0
4478,179.0
4479,263.0
4480,449.0
4481,546.0
4482,746.0
4483,269.0
4484,744.0
4485,452.0
4486,263.0
4487,696.0
4488,550.0
4489,157.0
4490,345.0
4491,40.0
4492,863.0
4493,748.0
4494,70.0
4495,852.0
4496,178.0
4497,794.0
4498,696.0
4499,746.0
4500,845.0
4501,273.0
4502,546.0
4503,822.0
4504,139.0
4505,794.0
4506,769.0
4507,582.0
4508,859.0
4509,24.0
4510,728.0
4511,851.0
4512,30.0
4513,621.0
4514,754.0
4515,756.0
4516,461.0
4517,845.0
4518,45.0
4519,744.0
4520,758.0
4521,452.0
4522,754.0
4523,3.0
4524,202.0
4525,6.0
4526,2.0
4527,419.0
4528,73.0
4529,696.0
4530,753.0
4531,92.0
4532,404.0
4533,753.0
4534,753.0
4535,694.0
4536,396.0
4537,3.0
4538,754.0
4539,483.0
4540,6.0
4541,329.0
4542,193.0
4543,5.0
4544,863.0
4545,154.0
4546,483.0
4547,748.0
4548,464.0
4549,540.0
4550,677.0
4551,536.0
4552,488.0
4553,786.0
4554,696.0
4555,55.0
4556,330.0
4557,590.0
4558,550.0
4559,63.0
4560,4.0
4561,201.0
4562,746.0
4563,540.0
4564,546.0
4565,695.0
4566,786.0
4567,845.0
4568,203.0
4569,691.0
4570,722.0
4571,759.0
4572,568.0
4573,752.0
4574,26.0
4575,275.0
4576,273.0
4577,101.0
4578,765.0
4579,726.0
4580,120.0
4581,85.0
4582,696.0
4583,797.0
4584,776.0
4585,848.0
4586,239.0
4587,744.0
4588,746.0
4589,483.0
4590,696.0
4591,193.0
4592,590.0
4593,631.0
4594,727.0
4595,488.0
4596,752.0
4597,850.0
4598,760.0
4599,104.0
4600,329.0
4601,794.0
4602,778.0
4603,289.0
4604,630.0
4605,655.0
4606,728.0
4607,490.0
4608,178.0
4609,863.0
4610,723.0
4611,845.0
4612,139.0
4613,859.0
4614,443.0
4615,691.0
4616,246.0
4617,263.0
4618,278.0
4619,189.0
4620,784.0
4621,139.0
4622,483.0
4623,794.0
4624,863.0
4625,709.0
4626,575.0
4627,746.0
4628,505.0
4629,863.0
4630,83.0
4631,82.0
4632,54.0
4633,809.0
4634,863.0
4635,63.0
4636,616.0
4637,63.0
4638,536.0
4639,201.0
4640,237.0
4641,748.0
4642,863.0
4643,32.0
4644,72.0
4645,104.0
4646,273.0
4647,23.0
4648,23.0
4649,94.0
4650,867.0
4651,263.0
4652,606.0
4653,606.0
4654,63.0
4655,759.0
4656,541.0
4657,26.0
4658,329.0
4659,713.0
4660,57.0
4661,756.0
4662,30.0
4663,179.0
4664,114.0
4665,695.0
4666,64.0
4667,863.0
4668,696.0
4669,178.0
4670,75.0
4671,575.0
4672,337.0
4673,75.0
4674,196.0
4675,699.0
4676,727.0
4677,863.0
4678,275.0
4679,541.0
4680,73.0
4681,845.0
4682,694.0
4683,139.0
4684,753.0
4685,263.0
4686,488.0
4687,849.0
4688,696.0
4689,115.0
4690,863.0
4691,483.0
4692,585.0
4693,630.0
4694,70.0
4695,850.0
4696,845.0
4697,677.0
4698,863.0
4699,178.0
4700,827.0
4701,364.0
4702,330.0
4703,189.0
4704,443.0
4705,746.0
4706,400.0
4707,863.0
4708,746.0
4709,863.0
4710,758.0
4711,573.0
4712,696.0
4713,822.0
4714,744.0
4715,443.0
4716,400.0
4717,40.0
4718,94.0
4719,404.0
4720,849.0
4721,494.0
4722,744.0
4723,10.0
4724,846.0
4725,456.0
4726,50.0
4727,189.0
4728,536.0
4729,263.0
4730,535.0
4731,456.0
4732,70.0
4733,755.0
4734,644.0
4735,468.0
4736,82.0
4737,540.0
4738,570.0
4739,36.0
4740,863.0
4741,777.0
4742,696.0
4743,756.0
4744,114.0
4745,196.0
4746,746.0
4747,39.0
4748,863.0
4749,36.0
4750,340.0
4751,96.0
4752,756.0
4753,721.0
4754,4.0
4755,797.0
4756,396.0
4757,263.0
4758,585.0
4759,746.0
4760,845.0
4761,111.0
4762,3.0
4763,554.0
4764,407.0
4765,96.0
4766,559.0
4767,550.0
4768,568.0
4769,677.0
4770,30.0
4771,449.0
4772,794.0
4773,263.0
4774,644.0
4775,845.0
4776,753.0
4777,461.0
4778,179.0
4779,201.0
4780,207.0
4781,746.0
4782,480.0
4783,272.0
4784,468.0
4785,564.0
4786,746.0
4787,201.0
4788,744.0
4789,70.0
4790,842.0
4791,396.0
4792,396.0
4793,92.0
4794,54.0
4795,686.0
4796,114.0
4797,26.0
4798,396.0
4799,202.0
4800,744.0
4801,867.0
4802,201.0
4803,695.0
4804,142.0
4805,784.0
4806,546.0
4807,178.0
4808,36.0
4809,201.0
4810,101.0
4811,32.0
4812,711.0
4813,72.0
4814,196.0
4815,746.0
4816,760.0
4817,483.0
4818,30.0
4819,583.0
4820,483.0
4821,448.0
4822,618.0
4823,746.0
4824,695.0
4825,114.0
4826,586.0
4827,759.0
4828,845.0
4829,541.0
4830,72.0
4831,73.0
4832,85.0
4833,586.0
4834,482.0
4835,586.0
4836,96.0
4837,644.0
4838,849.0
4839,616.0
4840,822.0
4841,564.0
4842,541.0
4843,93.0
4844,237.0
4845,863.0
4846,677.0
4847,695.0
4848,121.0
4849,746.0
4850,863.0
4851,631.0
4852,850.0
4853,42.0
4854,695.0
4855,449.0
4856,822.0
4857,728.0
4858,289.0
4859,193.0
4860,493.0
4861,1.0
4862,842.0
4863,540.0
4864,696.0
4865,752.0
4866,590.0
4867,746.0
4868,726.0
4869,189.0
4870,761.0
4871,313.0
4872,756.0
4873,540.0
4874,156.0
4875,4.0
4876,22.0
4877,769.0
4878,3.0
4879,101.0
4880,488.0
4881,863.0
4882,863.0
4883,842.0
4884,623.0
4885,201.0
4886,776.0
4887,582.0
4888,142.0
4889,201.0
4890,494.0
4891,851.0
4892,590.0
4893,693.0
4894,407.0
4895,721.0
4896,23.0
4897,546.0
4898,42.0
4899,771.0
4900,708.0
4901,452.0
4902,491.0
4903,746.0
4904,746.0
4905,201.0
4906,263.0
4907,92.0
4908,765.0
4909,559.0
4910,713.0
4911,40.0
4912,850.0
4913,111.0
4914,660.0
4915,179.0
4916,623.0
4917,111.0
4918,57.0
4919,178.0
4920,870.0
4921,210.0
4922,870.0
4923,870.0
4924,870.0
4925,870.0
4926,870.0
4927,870.0
4928,870.0
4929,870.0
4930,870.0
4931,870.0
4932,845.0
4933,467.0
4934,3.0
4935,863.0
4936,686.0
4937,746.0
4938,845.0
4939,590.0
4940,269.0
4941,621.0
4942,755.0
4943,18.0
4944,340.0
4945,407.0
4946,606.0
4947,606.0
4948,189.0
4949,822.0
4950,845.0
4951,756.0
4952,94.0
4953,837.0
4954,760.0
4955,96.0
4956,337.0
4957,695.0
4958,419.0
4959,753.0
4960,756.0
4961,746.0
4962,443.0
4963,404.0
4964,727.0
4965,755.0
4966,30.0
4967,275.0
4968,448.0
4969,697.0
4970,483.0
4971,480.0
4972,677.0
4973,196.0
4974,449.0
4975,1.0
4976,784.0
4977,677.0
4978,559.0
4979,677.0
4980,727.0
4981,493.0
4982,121.0
4983,202.0
4984,345.0
4985,693.0
4986,842.0
4987,263.0
4988,44.0
4989,863.0
4990,540.0
4991,330.0
4992,425.0
4993,794.0
4994,102.0
4995,585.0
4996,546.0
4997,263.0
4998,26.0
4999,621.0
5000,196.0
5001,758.0
5002,776.0
5003,550.0
5004,863.0
5005,263.0
5006,269.0
5007,239.0
5008,618.0
5009,644.0
5010,863.0
5011,754.0
5012,452.0
5013,330.0
5014,726.0
5015,449.0
5016,746.0
5017,72.0
5018,863.0
5019,822.0
5020,329.0
5021,269.0
5022,4.0
5023,746.0
5024,863.0
5025,690.0
5026,329.0
5027,313.0
5028,863.0
5029,728.0
5030,863.0
5031,157.0
5032,723.0
5033,842.0
5034,546.0
5035,691.0
5036,846.0
5037,794.0
5038,746.0
5039,809.0
5040,482.0
5041,263.0
5042,540.0
5043,723.0
5044,42.0
5045,709.0
5046,203.0
5047,686.0
5048,755.0
5049,809.0
5050,178.0
5051,695.0
5052,202.0
5053,10.0
5054,695.0
5055,63.0
5056,189.0
5057,201.0
5058,746.0
5059,863.0
5060,699.0
5061,696.0
5062,863.0
5063,46.0
5064,94.0
5065,121.0
5066,18.0
5067,142.0
5068,339.0
5069,870.0
5070,483.0
5071,590.0
5072,844.0
5073,45.0
5074,863.0
5075,42.0
5076,121.0
5077,541.0
5078,483.0
5079,863.0
5080,746.0
5081,339.0
5082,339.0
5083,575.0
5084,36.0
5085,10.0
5086,196.0
5087,698.0
5088,495.0
5089,495.0
5090,495.0
5091,495.0
5092,845.0
5093,727.0
5094,708.0
5095,10.0
5096,695.0
5097,483.0
5098,575.0
5099,104.0
5100,102.0
5101,64.0
5102,585.0
5103,92.0
5104,863.0
5105,1.0
5106,407.0
5107,844.0
5108,752.0
5109,40.0
5110,139.0
5111,621.0
5112,754.0
5113,752.0
5114,263.0
5115,329.0
5116,809.0
5117,483.0
5118,746.0
5119,863.0
5120,18.0
5121,443.0
5122,696.0
5123,855.0
5124,855.0
5125,794.0
5126,655.0
5127,686.0
5128,695.0
5129,746.0
5130,573.0
5131,207.0
5132,491.0
5133,63.0
5134,621.0
5135,842.0
5136,606.0
5137,753.0
5138,56.0
5139,744.0
5140,753.0
5141,85.0
5142,691.0
5143,715.0
5144,273.0
5145,92.0
5146,691.0
5147,695.0
5148,540.0
5149,536.0
5150,753.0
5151,207.0
5152,660.0
5153,178.0
5154,809.0
5155,139.0
5156,694.0
5157,694.0
5158,207.0
5159,273.0
5160,111.0
5161,156.0
5162,863.0
5163,660.0
5164,570.0
5165,178.0
5166,237.0
5167,746.0
5168,661.0
5169,289.0
5170,75.0
5171,207.0
5172,101.0
5173,621.0
5174,744.0
5175,263.0
5176,621.0
5177,661.0
5178,746.0
5179,863.0
5180,686.0
5181,102.0
5182,758.0
5183,535.0
5184,139.0
5185,583.0
5186,201.0
5187,697.0
5188,237.0
5189,56.0
5190,456.0
5191,728.0
5192,677.0
5193,786.0
5194,760.0
5195,677.0
5196,746.0
5197,761.0
5198,142.0
5199,457.0
5200,340.0
5201,94.0
5202,44.0
5203,263.0
5204,550.0
5205,610.0
5206,765.0
5207,189.0
5208,404.0
5209,863.0
5210,404.0
5211,723.0
5212,535.0
5213,64.0
5214,483.0
5215,6.0
5216,64.0
5217,94.0
5218,22.0
5219,483.0
5220,540.0
5221,606.0
5222,32.0
5223,495.0
5224,863.0
5225,630.0
5226,690.0
5227,92.0
5228,278.0
5229,752.0
5230,269.0
5231,457.0
5232,746.0
5233,193.0
5234,863.0
5235,765.0
5236,546.0
5237,189.0
5238,94.0
5239,541.0
5240,695.0
5241,114.0
5242,23.0
5243,189.0
5244,102.0
5245,63.0
5246,759.0
5247,728.0
5248,55.0
5249,505.0
5250,419.0
5251,178.0
5252,765.0
5253,568.0
5254,535.0
5255,207.0
5256,564.0
5257,330.0
5258,564.0
5259,443.0
5260,448.0
5261,448.0
5262,573.0
5263,448.0
5264,590.0
5265,746.0
5266,558.0
5267,419.0
5268,10.0
5269,694.0
5270,721.0
5271,762.0
5272,269.0
5273,550.0
5274,746.0
5275,756.0
5276,686.0
5277,863.0
5278,449.0
5279,536.0
5280,289.0
5281,263.0
5282,419.0
5283,114.0
5284,863.0
5285,758.0
5286,42.0
5287,157.0
5288,585.0
5289,239.0
5290,696.0
5291,36.0
5292,483.0
5293,550.0
5294,855.0
5295,44.0
5296,64.0
5297,850.0
5298,263.0
5299,263.0
5300,863.0
5301,776.0
5302,102.0
5303,456.0
5304,456.0
5305,46.0
5306,863.0
5307,154.0
5308,695.0
5309,483.0
5310,63.0
5311,746.0
5312,483.0
5313,32.0
5314,467.0
5315,744.0
5316,419.0
5317,756.0
5318,794.0
5319,696.0
5320,693.0
5321,46.0
5322,449.0
5323,457.0
5324,121.0
5325,794.0
5326,22.0
5327,483.0
5328,46.0
5329,765.0
5330,623.0
5331,695.0
5332,273.0
5333,536.0
5334,329.0
5335,7.0
5336,202.0
5337,7.0
5338,193.0
5339,102.0
5340,631.0
5341,18.0
5342,546.0
5343,307.0
5344,677.0
5345,708.0
5346,756.0
5347,623.0
5348,870.0
5349,575.0
5350,263.0
5351,570.0
5352,23.0
5353,863.0
5354,57.0
5355,196.0
5356,142.0
5357,364.0
5358,863.0
5359,695.0
5360,36.0
5361,727.0
5362,848.0
5363,491.0
5364,727.0
5365,419.0
5366,1.0
5367,535.0
5368,778.0
5369,142.0
5370,686.0
5371,72.0
5372,101.0
5373,263.0
5374,275.0
5375,400.0
5376,863.0
5377,483.0
5378,590.0
5379,573.0
5380,491.0
5381,863.0
5382,844.0
5383,156.0
5384,809.0
5385,776.0
5386,483.0
5387,746.0
5388,758.0
5389,794.0
5390,845.0
5391,104.0
5392,690.0
5393,56.0
5394,575.0
5395,207.0
5396,237.0
5397,630.0
5398,246.0
5399,85.0
5400,726.0
5401,491.0
5402,456.0
5403,535.0
5404,196.0
5405,744.0
5406,189.0
5407,94.0
5408,70.0
5409,461.0
5410,715.0
5411,193.0
5412,18.0
5413,771.0
5414,18.0
5415,101.0
5416,585.0
5417,744.0
5418,2.0
5419,263.0
5420,822.0
5421,72.0
5422,845.0
5423,156.0
5424,644.0
5425,263.0
5426,691.0
5427,494.0
5428,494.0
5429,863.0
5430,483.0
5431,695.0
5432,456.0
5433,755.0
5434,848.0
5435,848.0
5436,848.0
5437,541.0
5438,42.0
5439,852.0
5440,752.0
5441,70.0
5442,797.0
5443,867.0
5444,746.0
5445,696.0
5446,694.0
5447,483.0
5448,70.0
5449,156.0
5450,75.0
5451,530.0
5452,530.0
5453,568.0
5454,550.0
5455,727.0
5456,765.0
5457,753.0
5458,744.0
5459,744.0
5460,746.0
5461,644.0
5462,721.0
5463,753.0
5464,396.0
5465,695.0
5466,753.0
5467,248.0
5468,50.0
5469,468.0
5470,464.0
5471,156.0
5472,606.0
5473,70.0
5474,22.0
5475,289.0
5476,630.0
5477,263.0
5478,22.0
5479,746.0
5480,564.0
5481,535.0
5482,661.0
5483,794.0
5484,846.0
5485,746.0
5486,278.0
5487,57.0
5488,263.0
5489,863.0
5490,101.0
5491,40.0
5492,466.0
5493,42.0
5494,630.0
5495,50.0
5496,483.0
5497,203.0
5498,752.0
5499,142.0
5500,196.0
5501,121.0
5502,201.0
5503,546.0
5504,863.0
5505,863.0
5506,541.0
5507,695.0
5508,756.0
5509,269.0
5510,769.0
5511,625.0
5512,752.0
5513,63.0
5514,762.0
5515,630.0
5516,657.0
5517,239.0
5518,863.0
5519,746.0
5520,863.0
5521,852.0
5522,70.0
5523,583.0
5524,850.0
5525,51.0
5526,121.0
5527,540.0
5528,746.0
5529,47.0
5530,753.0
5531,754.0
5532,396.0
5533,207.0
5534,711.0
5535,794.0
5536,269.0
5537,535.0
5538,535.0
5539,752.0
5540,263.0
5541,590.0
5542,535.0
5543,837.0
5544,493.0
5545,272.0
5546,272.0
5547,404.0
5548,272.0
5549,535.0
5550,154.0
5551,746.0
5552,761.0
5553,686.0
5554,101.0
5555,278.0
5556,752.0
5557,75.0
5558,863.0
5559,461.0
5560,845.0
5561,154.0
5562,56.0
5563,583.0
5564,56.0
5565,708.0
5566,697.0
5567,248.0
5568,546.0
5569,4.0
5570,18.0
5571,10.0
5572,723.0
5573,622.0
5574,778.0
5575,269.0
5576,697.0
5577,269.0
5578,570.0
5579,863.0
5580,586.0
5581,559.0
5582,845.0
5583,40.0
5584,698.0
5585,189.0
5586,272.0
5587,275.0
5588,189.0
5589,70.0
5590,791.0
5591,746.0
5592,746.0
5593,207.0
5594,139.0
5595,859.0
5596,102.0
5597,189.0
5598,269.0
5599,621.0
5600,142.0
5601,483.0
5602,111.0
5603,759.0
5604,677.0
5605,491.0
5606,82.0
5607,491.0
5608,859.0
5609,794.0
5610,142.0
5611,535.0
5612,540.0
5613,715.0
5614,202.0
5615,193.0
5616,237.0
5617,269.0
5618,753.0
5619,655.0
5620,40.0
5621,40.0
5622,272.0
5623,505.0
5624,752.0
5625,715.0
5626,722.0
5627,695.0
5628,540.0
5629,467.0
5630,104.0
5631,530.0
5632,483.0
5633,809.0
5634,483.0
5635,94.0
5636,85.0
5637,142.0
5638,60.0
5639,179.0
5640,535.0
5641,179.0
5642,822.0
5643,111.0
5644,70.0
5645,752.0
5646,756.0
5647,752.0
5648,695.0
5649,753.0
5650,202.0
5651,47.0
5652,696.0
5653,809.0
5654,863.0
5655,278.0
5656,753.0
5657,541.0
5658,625.0
5659,42.0
5660,845.0
5661,4.0
5662,482.0
5663,364.0
5664,63.0
5665,156.0
5666,480.0
5667,495.0
5668,495.0
5669,495.0
5670,863.0
5671,753.0
5672,70.0
5673,57.0
5674,64.0
5675,156.0
5676,759.0
5677,765.0
5678,535.0
5679,400.0
5680,72.0
5681,142.0
5682,546.0
5683,723.0
5684,622.0
5685,690.0
5686,851.0
5687,709.0
5688,727.0
5689,695.0
5690,60.0
5691,111.0
5692,448.0
5693,448.0
5694,154.0
5695,448.0
5696,691.0
5697,11.0
5698,269.0
5699,60.0
5700,546.0
5701,5.0
5702,677.0
5703,863.0
5704,483.0
5705,449.0
5706,239.0
5707,691.0
5708,867.0
5709,178.0
5710,139.0
5711,636.0
5712,3.0
5713,483.0
5714,7.0
5715,156.0
5716,263.0
5717,644.0
5718,82.0
5719,546.0
5720,64.0
5721,590.0
5722,400.0
5723,313.0
5724,550.0
5725,263.0
5726,488.0
5727,4.0
5728,263.0
5729,196.0
5730,752.0
5731,536.0
5732,278.0
5733,746.0
5734,693.0
5735,96.0
5736,760.0
5737,752.0
5738,849.0
5739,849.0
5740,5.0
5741,585.0
5742,728.0
5743,754.0
5744,24.0
5745,44.0
5746,850.0
5747,63.0
5748,761.0
5749,156.0
5750,201.0
5751,178.0
5752,32.0
5753,616.0
5754,846.0
5755,400.0
5756,540.0
5757,623.0
5758,623.0
5759,746.0
5760,239.0
5761,449.0
5762,92.0
5763,722.0
5764,863.0
5765,32.0
5766,696.0
5767,96.0
5768,7.0
5769,178.0
5770,746.0
5771,142.0
5772,26.0
5773,313.0
5774,92.0
5775,746.0
5776,179.0
5777,339.0
5778,263.0
5779,114.0
5780,540.0
5781,307.0
5782,727.0
5783,495.0
5784,1.0
5785,142.0
5786,845.0
5787,461.0
5788,564.0
5789,554.0
5790,72.0
5791,42.0
5792,467.0
5793,776.0
5794,622.0
5795,536.0
5796,644.0
5797,564.0
5798,483.0
5799,480.0
5800,55.0
5801,263.0
5802,273.0
5803,855.0
5804,83.0
5805,844.0
5806,570.0
5807,696.0
5808,759.0
5809,726.0
5810,483.0
5811,794.0
5812,94.0
5813,754.0
5814,340.0
5815,845.0
5816,535.0
5817,753.0
5818,241.0
5819,278.0
5820,239.0
5821,746.0
5822,44.0
5823,404.0
5824,431.0
5825,794.0
5826,845.0
5827,63.0
5828,70.0
5829,101.0
5830,644.0
5831,7.0
5832,690.0
5833,794.0
5834,644.0
5835,196.0
5836,765.0
5837,83.0
5838,30.0
5839,752.0
5840,94.0
5841,715.0
5842,337.0
5843,189.0
5844,269.0
5845,590.0
5846,329.0
5847,142.0
5848,201.0
5849,466.0
5850,468.0
5851,82.0
5852,72.0
5853,263.0
5854,822.0
5855,94.0
5856,196.0
5857,64.0
5858,239.0
5859,483.0
5860,863.0
5861,111.0
5862,863.0
5863,307.0
5864,699.0
5865,849.0
5866,24.0
5867,694.0
5868,694.0
5869,694.0
5870,694.0
5871,746.0
5872,582.0
5873,546.0
5874,727.0
5875,762.0
5876,748.0
5877,536.0
5878,263.0
5879,752.0
5880,846.0
5881,746.0
5882,241.0
5883,55.0
5884,573.0
5885,746.0
5886,400.0
5887,400.0
5888,696.0
5889,837.0
5890,691.0
5891,102.0
5892,101.0
5893,480.0
5894,457.0
5895,695.0
5896,644.0
5897,630.0
5898,159.0
5899,777.0
5900,10.0
5901,746.0
5902,70.0
5903,272.0
5904,554.0
5905,483.0
5906,269.0
5907,744.0
5908,535.0
5909,4.0
5910,159.0
5911,57.0
5912,179.0
5913,550.0
5914,752.0
5915,488.0
5916,546.0
5917,623.0
5918,776.0
5919,583.0
5920,722.0
5921,715.0
5922,756.0
5923,396.0
5924,695.0
5925,623.0
5926,5.0
5927,493.0
5928,744.0
5929,708.0
5930,550.0
5931,157.0
5932,536.0
5933,863.0
5934,104.0
5935,22.0
5936,756.0
5937,746.0
5938,36.0
5939,746.0
5940,269.0
5941,11.0
5942,695.0
5943,794.0
5944,708.0
5945,625.0
5946,746.0
5947,822.0
5948,269.0
5949,723.0
5950,495.0
5951,686.0
5952,101.0
5953,746.0
5954,535.0
5955,50.0
5956,759.0
5957,746.0
5958,263.0
5959,727.0
5960,329.0
5961,111.0
5962,850.0
5963,850.0
5964,568.0
5965,771.0
5966,480.0
5967,536.0
5968,809.0
5969,696.0
5970,760.0
5971,18.0
5972,760.0
5973,70.0
5974,493.0
5975,541.0
5976,42.0
5977,623.0
5978,723.0
5979,846.0
5980,73.0
5981,863.0
5982,1.0
5983,201.0
5984,777.0
5985,5.0
5986,756.0
5987,330.0
5988,330.0
5989,330.0
5990,23.0
5991,570.0
5992,491.0
5993,491.0
5994,121.0
5995,694.0
5996,746.0
5997,744.0
5998,570.0
5999,483.0
6000,845.0
6001,244.0
6002,244.0
6003,540.0
6004,201.0
6005,570.0
6006,845.0
6007,870.0
6008,2.0
6009,752.0
6010,765.0
6011,756.0
6012,201.0
6013,695.0
6014,590.0
6015,573.0
6016,794.0
6017,189.0
6018,241.0
6019,630.0
6020,449.0
6021,45.0
6022,660.0
6023,7.0
6024,541.0
6025,621.0
6026,45.0
6027,142.0
6028,694.0
6029,466.0
6030,696.0
6031,142.0
6032,784.0
6033,784.0
6034,559.0
6035,57.0
6036,695.0
6037,794.0
6038,207.0
6039,776.0
6040,695.0
6041,630.0
6042,536.0
6043,746.0
6044,102.0
6045,756.0
6046,693.0
6047,554.0
6048,275.0
6049,263.0
6050,784.0
6051,695.0
6052,6.0
6053,178.0
6054,535.0
6055,554.0
6056,695.0
6057,179.0
6058,756.0
6059,697.0
6060,203.0
6061,330.0
6062,583.0
6063,51.0
6064,142.0
6065,746.0
6066,102.0
6067,178.0
6068,273.0
6069,39.0
6070,64.0
6071,203.0
6072,759.0
6073,822.0
6074,644.0
6075,73.0
6076,536.0
6077,51.0
6078,755.0
6079,448.0
6080,644.0
6081,558.0
6082,179.0
6083,573.0
6084,660.0
6085,695.0
6086,746.0
6087,56.0
6088,203.0
6089,765.0
6090,396.0
6091,636.0
6092,711.0
6093,748.0
6094,104.0
6095,419.0
6096,759.0
6097,756.0
6098,419.0
6099,863.0
6100,708.0
6101,237.0
6102,583.0
6103,794.0
6104,755.0
6105,178.0
6106,699.0
6107,842.0
6108,590.0
6109,590.0
6110,758.0
6111,263.0
6112,726.0
6113,196.0
6114,752.0
6115,845.0
6116,536.0
6117,278.0
6118,568.0
6119,263.0
6120,753.0
6121,558.0
6122,201.0
6123,863.0
6124,573.0
6125,36.0
6126,822.0
6127,443.0
6128,695.0
6129,491.0
6130,83.0
6131,102.0
6132,201.0
6133,178.0
6134,851.0
6135,32.0
6136,616.0
6137,51.0
6138,535.0
6139,540.0
6140,590.0
6141,246.0
6142,457.0
6143,457.0
6144,590.0
6145,102.0
6146,696.0
6147,63.0
6148,686.0
6149,467.0
6150,178.0
6151,272.0
6152,272.0
6153,7.0
6154,746.0
6155,114.0
6156,404.0
6157,863.0
6158,154.0
6159,863.0
6160,483.0
6161,396.0
6162,758.0
6163,156.0
6164,461.0
6165,482.0
6166,752.0
6167,47.0
6168,695.0
6169,483.0
6170,863.0
6171,695.0
6172,762.0
6173,340.0
6174,586.0
6175,491.0
6176,241.0
6177,396.0
6178,758.0
6179,154.0
6180,483.0
6181,696.0
6182,698.0
6183,419.0
6184,535.0
6185,695.0
6186,536.0
6187,697.0
6188,404.0
6189,696.0
6190,631.0
6191,536.0
6192,535.0
6193,70.0
6194,210.0
6195,330.0
6196,771.0
6197,752.0
6198,319.0
6199,467.0
6200,746.0
6201,207.0
6202,94.0
6203,715.0
6204,339.0
6205,82.0
6206,273.0
6207,407.0
6208,82.0
6209,121.0
6210,837.0
6211,179.0
6212,660.0
6213,468.0
6214,765.0
6215,269.0
6216,844.0
6217,60.0
6218,202.0
6219,263.0
6220,178.0
6221,178.0
6222,263.0
6223,189.0
6224,189.0
6225,494.0
6226,494.0
6227,494.0
6228,494.0
6229,494.0
6230,494.0
6231,494.0
6232,494.0
6233,494.0
6234,494.0
6235,494.0
6236,494.0
6237,494.0
6238,494.0
6239,494.0
6240,494.0
6241,494.0
6242,494.0
6243,494.0
6244,494.0
6245,404.0
6246,196.0
6247,494.0
6248,494.0
6249,494.0
6250,494.0
6251,494.0
6252,494.0
6253,494.0
6254,494.0
6255,483.0
6256,606.0
6257,203.0
6258,657.0
6259,452.0
6260,863.0
6261,196.0
6262,744.0
6263,661.0
6264,863.0
6265,178.0
6266,863.0
6267,11.0
6268,541.0
6269,568.0
6270,585.0
6271,711.0
6272,695.0
6273,850.0
6274,746.0
6275,644.0
6276,456.0
6277,852.0
6278,18.0
6279,794.0
6280,5.0
6281,575.0
6282,755.0
6283,546.0
6284,24.0
6285,852.0
6286,746.0
6287,156.0
6288,159.0
6289,630.0
6290,530.0
6291,263.0
6292,695.0
6293,483.0
6294,727.0
6295,558.0
6296,94.0
6297,535.0
6298,396.0
6299,201.0
6300,585.0
6301,449.0
6302,36.0
6303,754.0
6304,570.0
6305,159.0
6306,121.0
6307,536.0
6308,101.0
6309,765.0
6310,863.0
6311,630.0
6312,863.0
6313,64.0
6314,319.0
6315,207.0
6316,102.0
6317,568.0
6318,695.0
6319,863.0
6320,44.0
6321,752.0
6322,273.0
6323,845.0
6324,154.0
6325,40.0
6326,695.0
6327,307.0
6328,6.0
6329,269.0
6330,51.0
6331,711.0
6332,546.0
6333,189.0
6334,794.0
6335,319.0
6336,319.0
6337,319.0
6338,2.0
6339,867.0
6340,111.0
6341,45.0
6342,154.0
6343,536.0
6344,809.0
6345,696.0
6346,92.0
6347,156.0
6348,677.0
6349,70.0
6350,695.0
6351,845.0
6352,154.0
6353,546.0
6354,606.0
6355,329.0
6356,546.0
6357,263.0
6358,728.0
6359,765.0
6360,863.0
6361,1.0
6362,201.0
6363,329.0
6364,845.0
6365,239.0
6366,794.0
6367,449.0
6368,449.0
6369,586.0
6370,758.0
6371,22.0
6372,47.0
6373,104.0
6374,73.0
6375,483.0
6376,466.0
6377,400.0
6378,23.0
6379,746.0
6380,178.0
6381,755.0
6382,746.0
6383,40.0
6384,699.0
6385,644.0
6386,102.0
6387,70.0
6388,822.0
6389,863.0
6390,822.0
6391,855.0
6392,546.0
6393,723.0
6394,189.0
6395,196.0
6396,746.0
6397,449.0
6398,630.0
6399,777.0
6400,859.0
6401,400.0
6402,244.0
6403,244.0
6404,244.0
6405,244.0
6406,244.0
6407,244.0
6408,660.0
6409,698.0
6410,337.0
6411,96.0
6412,721.0
6413,721.0
6414,483.0
6415,848.0
6416,96.0
6417,189.0
6418,55.0
6419,863.0
6420,771.0
6421,269.0
6422,746.0
6423,142.0
6424,536.0
6425,156.0
6426,541.0
6427,263.0
6428,660.0
6429,535.0
6430,746.0
6431,102.0
6432,618.0
6433,83.0
6434,272.0
6435,655.0
6436,494.0
6437,695.0
6438,759.0
6439,630.0
6440,728.0
6441,26.0
6442,696.0
6443,754.0
6444,461.0
6445,759.0
6446,713.0
6447,51.0
6448,696.0
6449,449.0
6450,535.0
6451,121.0
6452,590.0
6453,536.0
6454,623.0
6455,863.0
6456,746.0
6457,404.0
6458,83.0
6459,63.0
6460,92.0
6461,546.0
6462,101.0
6463,23.0
6464,64.0
6465,575.0
6466,690.0
6467,696.0
6468,690.0
6469,863.0
6470,39.0
6471,809.0
6472,863.0
6473,540.0
6474,630.0
6475,686.0
6476,631.0
6477,93.0
6478,746.0
6479,695.0
6480,337.0
6481,744.0
6482,407.0
6483,546.0
6484,694.0
6485,289.0
6486,101.0
6487,101.0
6488,863.0
6489,753.0
6490,75.0
6491,104.0
6492,794.0
6493,756.0
6494,178.0
6495,536.0
6496,590.0
6497,179.0
6498,73.0
6499,786.0
6500,364.0
6501,319.0
6502,842.0
6503,278.0
6504,449.0
6505,1.0
6506,50.0
6507,695.0
6508,468.0
6509,748.0
6510,784.0
6511,748.0
6512,723.0
6513,568.0
6514,845.0
6515,540.0
6516,696.0
6517,849.0
6518,244.0
6519,753.0
6520,849.0
6521,73.0
6522,636.0
6523,45.0
6524,540.0
6525,196.0
6526,114.0
6527,96.0
6528,621.0
6529,753.0
6530,466.0
6531,345.0
6532,708.0
6533,82.0
6534,765.0
6535,744.0
6536,536.0
6537,55.0
6538,837.0
6539,752.0
6540,467.0
6541,535.0
6542,419.0
6543,482.0
6544,443.0
6545,752.0
6546,590.0
6547,746.0
6548,748.0
6549,754.0
6550,39.0
6551,655.0
6552,746.0
6553,179.0
6554,540.0
6555,483.0
6556,746.0
6557,278.0
6558,203.0
6559,201.0
6560,863.0
6561,630.0
6562,337.0
6563,483.0
6564,582.0
6565,586.0
6566,57.0
6567,728.0
6568,82.0
6569,202.0
6570,536.0
6571,752.0
6572,96.0
6573,728.0
6574,22.0
6575,269.0
6576,154.0
6577,237.0
6578,70.0
6579,752.0
6580,794.0
6581,179.0
6582,404.0
6583,340.0
6584,863.0
6585,4.0
6586,746.0
6587,55.0
6588,849.0
6589,746.0
6590,111.0
6591,536.0
6592,540.0
6593,863.0
6594,530.0
6595,93.0
6596,760.0
6597,114.0
6598,32.0
6599,269.0
6600,82.0
6601,4.0
6602,96.0
6603,330.0
6604,468.0
6605,196.0
6606,754.0
6607,794.0
6608,867.0
6609,23.0
6610,203.0
6611,540.0
6612,73.0
6613,655.0
6614,530.0
6615,721.0
6616,201.0
6617,70.0
6618,752.0
6619,616.0
6620,863.0
6621,456.0
6622,625.0
6623,93.0
6624,746.0
6625,863.0
6626,178.0
6627,845.0
6628,696.0
6629,568.0
6630,777.0
6631,784.0
6632,778.0
6633,272.0
6634,748.0
6635,590.0
6636,771.0
6637,207.0
6638,723.0
6639,18.0
6640,794.0
6641,699.0
6642,575.0
6643,546.0
6644,755.0
6645,482.0
6646,754.0
6647,36.0
6648,708.0
6649,657.0
6650,752.0
6651,23.0
6652,449.0
6653,121.0
6654,278.0
6655,568.0
6656,863.0
6657,713.0
6658,72.0
6659,535.0
6660,337.0
6661,693.0
6662,850.0
6663,850.0
6664,400.0
6665,75.0
6666,746.0
6667,759.0
6668,189.0
6669,448.0
6670,695.0
6671,114.0
6672,752.0
6673,60.0
6674,752.0
6675,535.0
6676,400.0
6677,693.0
6678,693.0
6679,694.0
6680,83.0
6681,771.0
6682,590.0
6683,746.0
6684,722.0
6685,715.0
6686,45.0
6687,207.0
6688,696.0
6689,657.0
6690,760.0
6691,189.0
6692,746.0
6693,56.0
6694,691.0
6695,746.0
6696,541.0
6697,723.0
6698,845.0
6699,483.0
6700,585.0
6701,723.0
6702,753.0
6703,10.0
6704,863.0
6705,178.0
6706,269.0
6707,784.0
6708,196.0
6709,189.0
6710,746.0
6711,771.0
6712,278.0
6713,546.0
6714,851.0
6715,85.0
6716,558.0
6717,483.0
6718,179.0
6719,695.0
6720,535.0
6721,769.0
6722,154.0
6723,809.0
6724,696.0
6725,494.0
6726,695.0
6727,64.0
6728,559.0
6729,777.0
6730,201.0
6731,606.0
6732,863.0
6733,863.0
6734,480.0
6735,769.0
6736,695.0
6737,586.0
6738,72.0
6739,307.0
6740,263.0
6741,863.0
6742,24.0
6743,104.0
6744,244.0
6745,244.0
6746,244.0
6747,244.0
6748,696.0
6749,50.0
6750,863.0
6751,449.0
6752,179.0
6753,623.0
6754,863.0
6755,104.0
6756,396.0
6757,364.0
6758,535.0
6759,723.0
6760,207.0
6761,752.0
6762,139.0
6763,696.0
6764,752.0
6765,590.0
6766,246.0
6767,536.0
6768,272.0
6769,272.0
6770,210.0
6771,559.0
6772,24.0
6773,620.0
6774,23.0
6775,201.0
6776,269.0
6777,762.0
6778,24.0
6779,636.0
6780,51.0
6781,863.0
6782,269.0
6783,42.0
6784,449.0
6785,263.0
6786,83.0
6787,483.0
6788,794.0
6789,178.0
6790,419.0
6791,849.0
6792,849.0
6793,156.0
6794,721.0
6795,121.0
6796,179.0
6797,535.0
6798,753.0
6799,179.0
6800,56.0
6801,44.0
6802,723.0
6803,535.0
6804,746.0
6805,26.0
6806,697.0
6807,449.0
6808,575.0
6809,708.0
6810,546.0
6811,746.0
6812,623.0
6813,746.0
6814,269.0
6815,207.0
6816,623.0
6817,695.0
6818,142.0
6819,726.0
6820,139.0
6821,846.0
6822,760.0
6823,590.0
6824,590.0
6825,761.0
6826,193.0
6827,92.0
6828,621.0
6829,746.0
6830,686.0
6831,239.0
6832,60.0
6833,179.0
6834,93.0
6835,690.0
6836,289.0
6837,364.0
6838,193.0
6839,313.0
6840,488.0
6841,590.0
6842,708.0
6843,616.0
6844,744.0
6845,746.0
6846,275.0
6847,207.0
6848,844.0
6849,657.0
6850,364.0
6851,863.0
6852,42.0
6853,237.0
6854,691.0
6855,691.0
6856,691.0
6857,691.0
6858,691.0
6859,691.0
6860,691.0
6861,697.0
6862,289.0
6863,695.0
6864,570.0
6865,570.0
6866,57.0
6867,156.0
6868,179.0
6869,657.0
6870,752.0
6871,530.0
6872,278.0
6873,655.0
6874,695.0
6875,179.0
6876,746.0
6877,57.0
6878,207.0
6879,541.0
6880,101.0
6881,431.0
6882,47.0
6883,758.0
6884,47.0
6885,573.0
6886,505.0
6887,586.0
6888,54.0
6889,83.0
6890,51.0
6891,540.0
6892,157.0
6893,677.0
6894,269.0
6895,246.0
6896,22.0
6897,404.0
6898,744.0
6899,746.0
6900,870.0
6901,845.0
6902,96.0
6903,863.0
6904,845.0
6905,207.0
6906,746.0
6907,744.0
6908,201.0
6909,56.0
6910,121.0
6911,535.0
6912,64.0
6913,45.0
6914,550.0
6915,263.0
6916,699.0
6917,794.0
6918,746.0
6919,630.0
6920,32.0
6921,755.0
6922,457.0
6923,273.0
6924,102.0
6925,754.0
6926,758.0
6927,752.0
6928,289.0
6929,483.0
6930,75.0
6931,756.0
6932,419.0
6933,590.0
6934,32.0
6935,657.0
6936,36.0
6937,621.0
6938,483.0
6939,64.0
6940,263.0
6941,6.0
6942,340.0
6943,4.0
6944,546.0
6945,536.0
6946,761.0
6947,863.0
6948,483.0
6949,696.0
6950,189.0
6951,859.0
6952,711.0
6953,755.0
6954,237.0
6955,696.0
6956,448.0
6957,210.0
6958,590.0
6959,273.0
6960,746.0
6961,590.0
6962,51.0
6963,263.0
6964,237.0
6965,760.0
6966,752.0
6967,2.0
6968,621.0
6969,36.0
6970,863.0
6971,494.0
6972,494.0
6973,121.0
6974,752.0
6975,239.0
6976,541.0
6977,677.0
6978,726.0
6979,582.0
6980,92.0
6981,535.0
6982,554.0
6983,196.0
6984,278.0
6985,699.0
6986,863.0
6987,203.0
6988,51.0
6989,340.0
6990,744.0
6991,550.0
6992,756.0
6993,863.0
6994,754.0
6995,468.0
6996,726.0
6997,483.0
6998,2.0
6999,505.0
7000,863.0
7001,784.0
7002,39.0
7003,746.0
7004,178.0
7005,769.0
7006,154.0
7007,713.0
7008,585.0
7009,695.0
7010,760.0
7011,443.0
7012,54.0
7013,845.0
7014,698.0
7015,7.0
7016,121.0
7017,47.0
7018,483.0
7019,196.0
7020,75.0
7021,794.0
7022,201.0
7023,863.0
7024,159.0
7025,746.0
7026,657.0
7027,121.0
7028,24.0
7029,535.0
7030,697.0
7031,101.0
7032,54.0
7033,483.0
7034,686.0
7035,759.0
7036,156.0
7037,201.0
7038,278.0
7039,407.0
7040,661.0
7041,139.0
7042,753.0
7043,759.0
7044,5.0
7045,57.0
7046,483.0
7047,752.0
7048,754.0
7049,535.0
7050,844.0
7051,72.0
7052,630.0
7053,618.0
7054,618.0
7055,618.0
7056,618.0
7057,618.0
7058,618.0
7059,505.0
7060,82.0
7061,72.0
7062,744.0
7063,278.0
7064,622.0
7065,541.0
7066,179.0
7067,769.0
7068,690.0
7069,723.0
7070,695.0
7071,657.0
7072,769.0
7073,586.0
7074,154.0
7075,575.0
7076,44.0
7077,248.0
7078,72.0
7079,102.0
7080,340.0
7081,178.0
7082,466.0
7083,179.0
7084,794.0
7085,540.0
7086,863.0
7087,723.0
7088,863.0
7089,630.0
7090,762.0
7091,708.0
7092,54.0
7093,746.0
7094,36.0
7095,546.0
7096,570.0
7097,794.0
7098,535.0
7099,863.0
7100,30.0
7101,244.0
7102,746.0
7103,697.0
7104,845.0
7105,694.0
7106,2.0
7107,196.0
7108,179.0
7109,207.0
7110,759.0
7111,677.0
7112,573.0
7113,786.0
7114,457.0
7115,786.0
7116,457.0
7117,852.0
7118,586.0
7119,263.0
7120,746.0
7121,540.0
7122,201.0
7123,495.0
7124,495.0
7125,728.0
7126,554.0
7127,846.0
7128,660.0
7129,794.0
7130,677.0
7131,449.0
7132,693.0
7133,693.0
7134,695.0
7135,483.0
7136,586.0
7137,748.0
7138,540.0
7139,104.0
7140,726.0
7141,690.0
7142,273.0
7143,452.0
7144,748.0
7145,540.0
7146,483.0
7147,708.0
7148,55.0
7149,530.0
7150,244.0
7151,263.0
7152,340.0
7153,535.0
7154,696.0
7155,606.0
7156,449.0
7157,339.0
7158,754.0
7159,196.0
7160,142.0
7161,863.0
7162,5.0
7163,590.0
7164,480.0
7165,480.0
7166,546.0
7167,496.0
7168,178.0
7169,644.0
7170,546.0
7171,196.0
7172,752.0
7173,630.0
7174,711.0
7175,863.0
7176,631.0
7177,746.0
7178,546.0
7179,179.0
7180,101.0
7181,26.0
7182,867.0
7183,746.0
7184,196.0
7185,867.0
7186,746.0
7187,850.0
7188,863.0
7189,585.0
7190,693.0
7191,794.0
7192,863.0
7193,464.0
7194,744.0
7195,540.0
7196,761.0
7197,721.0
7198,330.0
7199,337.0
7200,83.0
7201,495.0
7202,863.0
7203,337.0
7204,64.0
7205,726.0
7206,622.0
7207,364.0
7208,448.0
7209,483.0
7210,863.0
7211,72.0
7212,452.0
7213,723.0
7214,536.0
7215,263.0
7216,536.0
7217,457.0
7218,850.0
7219,677.0
7220,753.0
7221,26.0
7222,104.0
7223,554.0
7224,746.0
7225,26.0
7226,728.0
7227,83.0
7228,102.0
7229,63.0
7230,756.0
7231,695.0
7232,54.0
7233,201.0
7234,96.0
7235,46.0
7236,575.0
7237,794.0
7238,275.0
7239,55.0
7240,677.0
7241,723.0
7242,73.0
7243,83.0
7244,863.0
7245,272.0
7246,307.0
7247,661.0
7248,307.0
7249,590.0
7250,590.0
7251,744.0
7252,407.0
7253,708.0
7254,586.0
7255,480.0
7256,482.0
7257,546.0
7258,193.0
7259,55.0
7260,535.0
7261,536.0
7262,419.0
7263,794.0
7264,863.0
7265,554.0
7266,708.0
7267,55.0
7268,483.0
7269,461.0
7270,568.0
7271,842.0
7272,794.0
7273,7.0
7274,752.0
7275,759.0
7276,535.0
7277,289.0
7278,794.0
7279,483.0
7280,46.0
7281,845.0
7282,330.0
7283,278.0
7284,493.0
7285,244.0
7286,289.0
7287,728.0
7288,848.0
7289,746.0
7290,540.0
7291,96.0
7292,431.0
7293,337.0
7294,863.0
7295,4.0
7296,201.0
7297,746.0
7298,535.0
7299,493.0
7300,493.0
7301,263.0
7302,337.0
7303,51.0
7304,448.0
7305,448.0
7306,746.0
7307,32.0
7308,45.0
7309,139.0
7310,863.0
7311,493.0
7312,797.0
7313,269.0
7314,201.0
7315,51.0
7316,246.0
7317,755.0
7318,564.0
7319,713.0
7320,822.0
7321,744.0
7322,722.0
7323,722.0
7324,722.0
7325,722.0
7326,11.0
7327,246.0
7328,75.0
7329,540.0
7330,845.0
7331,590.0
7332,278.0
7333,263.0
7334,483.0
7335,196.0
7336,7.0
7337,762.0
7338,746.0
7339,489.0
7340,748.0
7341,536.0
7342,83.0
7343,1.0
7344,696.0
7345,210.0
7346,207.0
7347,179.0
7348,748.0
7349,443.0
7350,746.0
7351,467.0
7352,644.0
7353,695.0
7354,746.0
7355,744.0
7356,4.0
7357,851.0
7358,201.0
7359,744.0
7360,698.0
7361,713.0
7362,845.0
7363,771.0
7364,696.0
7365,483.0
7366,483.0
7367,558.0
7368,70.0
7369,696.0
7370,201.0
7371,728.0
7372,616.0
7373,546.0
7374,32.0
7375,644.0
7376,794.0
7377,867.0
7378,695.0
7379,536.0
7380,590.0
7381,744.0
7382,201.0
7383,26.0
7384,51.0
7385,846.0
7386,466.0
7387,464.0
7388,753.0
7389,693.0
7390,202.0
7391,60.0
7392,339.0
7393,94.0
7394,677.0
7395,554.0
7396,111.0
7397,536.0
7398,536.0
7399,278.0
7400,746.0
7401,863.0
7402,196.0
7403,493.0
7404,746.0
7405,699.0
7406,863.0
7407,756.0
7408,746.0
7409,50.0
7410,744.0
7411,727.0
7412,754.0
7413,483.0
7414,30.0
7415,809.0
7416,870.0
7417,690.0
7418,96.0
7419,631.0
7420,744.0
7421,842.0
7422,748.0
7423,207.0
7424,746.0
7425,660.0
7426,754.0
7427,1.0
7428,759.0
7429,196.0
7430,771.0
7431,207.0
7432,568.0
7433,845.0
7434,696.0
7435,690.0
7436,443.0
7437,728.0
7438,22.0
7439,863.0
7440,70.0
7441,590.0
7442,696.0
7443,319.0
7444,778.0
7445,4.0
7446,18.0
7447,396.0
7448,728.0
7449,241.0
7450,156.0
7451,755.0
7452,621.0
7453,636.0
7454,754.0
7455,207.0
7456,582.0
7457,582.0
7458,693.0
7459,24.0
7460,483.0
7461,746.0
7462,765.0
7463,644.0
7464,794.0
7465,201.0
7466,535.0
7467,156.0
7468,846.0
7469,47.0
7470,839.0
7471,697.0
7472,464.0
7473,51.0
7474,5.0
7475,568.0
7476,201.0
7477,867.0
7478,744.0
7479,483.0
7480,630.0
7481,535.0
7482,535.0
7483,849.0
7484,748.0
7485,493.0
7486,248.0
7487,278.0
7488,867.0
7489,449.0
7490,85.0
7491,863.0
7492,695.0
7493,464.0
7494,541.0
7495,6.0
7496,723.0
7497,448.0
7498,457.0
7499,203.0
7500,709.0
7501,696.0
7502,848.0
7503,82.0
7504,723.0
7505,753.0
7506,863.0
7507,797.0
7508,644.0
7509,797.0
7510,761.0
7511,842.0
7512,746.0
7513,845.0
7514,863.0
7515,449.0
7516,625.0
7517,57.0
7518,263.0
7519,762.0
7520,196.0
7521,863.0
7522,193.0
7523,156.0
7524,237.0
7525,23.0
7526,697.0
7527,536.0
7528,568.0
7529,448.0
7530,863.0
7531,157.0
7532,263.0
7533,201.0
7534,330.0
7535,754.0
7536,845.0
7537,104.0
7538,809.0
7539,753.0
7540,449.0
7541,85.0
7542,483.0
7543,583.0
7544,697.0
7545,752.0
7546,102.0
7547,483.0
7548,456.0
7549,863.0
7550,39.0
7551,765.0
7552,606.0
7553,457.0
7554,586.0
7555,272.0
7556,696.0
7557,758.0
7558,142.0
7559,449.0
7560,759.0
7561,769.0
7562,610.0
7563,746.0
7564,51.0
7565,845.0
7566,30.0
7567,179.0
7568,778.0
7569,505.0
7570,263.0
7571,139.0
7572,449.0
7573,468.0
7574,863.0
7575,746.0
7576,535.0
7577,159.0
7578,863.0
7579,92.0
7580,273.0
7581,541.0
7582,863.0
7583,193.0
7584,661.0
7585,677.0
7586,111.0
7587,179.0
7588,269.0
7589,541.0
7590,142.0
7591,202.0
7592,464.0
7593,585.0
7594,50.0
7595,842.0
7596,535.0
7597,207.0
7598,404.0
7599,201.0
7600,201.0
7601,746.0
7602,746.0
7603,1.0
7604,536.0
7605,746.0
7606,92.0
7607,51.0
7608,784.0
7609,867.0
7610,54.0
7611,851.0
7612,364.0
7613,709.0
7614,586.0
7615,278.0
7616,272.0
7617,51.0
7618,491.0
7619,723.0
7620,794.0
7621,40.0
7622,157.0
7623,496.0
7624,845.0
7625,201.0
7626,92.0
7627,746.0
7628,83.0
7629,844.0
7630,752.0
7631,364.0
7632,483.0
7633,746.0
7634,92.0
7635,760.0
7636,44.0
7637,647.0
7638,564.0
7639,618.0
7640,727.0
7641,239.0
7642,101.0
7643,590.0
7644,550.0
7645,92.0
7646,695.0
7647,480.0
7648,193.0
7649,769.0
7650,156.0
7651,713.0
7652,573.0
7653,845.0
7654,263.0
7655,483.0
7656,728.0
7657,461.0
7658,75.0
7659,693.0
7660,64.0
7661,289.0
7662,263.0
7663,404.0
7664,483.0
7665,207.0
7666,690.0
7667,728.0
7668,96.0
7669,83.0
7670,278.0
7671,848.0
7672,848.0
7673,201.0
7674,36.0
7675,859.0
7676,746.0
7677,64.0
7678,582.0
7679,582.0
7680,863.0
7681,111.0
7682,630.0
7683,18.0
7684,698.0
7685,630.0
7686,546.0
7687,72.0
7688,575.0
7689,657.0
7690,269.0
7691,51.0
7692,723.0
7693,636.0
7694,863.0
7695,179.0
7696,748.0
7697,845.0
7698,337.0
7699,178.0
7700,269.0
7701,746.0
7702,535.0
7703,590.0
7704,746.0
7705,46.0
7706,464.0
7707,756.0
7708,179.0
7709,419.0
7710,848.0
7711,488.0
7712,96.0
7713,70.0
7714,56.0
7715,449.0
7716,657.0
7717,863.0
7718,345.0
7719,6.0
7720,72.0
7721,4.0
7722,289.0
7723,644.0
7724,55.0
7725,178.0
7726,114.0
7727,699.0
7728,278.0
7729,590.0
7730,496.0
7731,851.0
7732,139.0
7733,483.0
7734,746.0
7735,201.0
7736,686.0
7737,827.0
7738,6.0
7739,156.0
7740,207.0
7741,746.0
7742,210.0
7743,46.0
7744,752.0
7745,850.0
7746,797.0
7747,695.0
7748,744.0
7749,73.0
7750,570.0
7751,36.0
7752,47.0
7753,70.0
7754,621.0
7755,715.0
7756,550.0
7757,550.0
7758,550.0
7759,550.0
7760,201.0
7761,488.0
7762,94.0
7763,443.0
7764,278.0
7765,364.0
7766,75.0
7767,590.0
7768,536.0
7769,263.0
7770,660.0
7771,278.0
7772,196.0
7773,822.0
7774,661.0
7775,794.0
7776,203.0
7777,203.0
7778,6.0
7779,541.0
7780,275.0
7781,431.0
7782,850.0
7783,64.0
7784,585.0
7785,777.0
7786,178.0
7787,794.0
7788,631.0
7789,744.0
7790,691.0
7791,431.0
7792,746.0
7793,114.0
7794,45.0
7795,483.0
7796,694.0
7797,201.0
7798,104.0
7799,696.0
7800,746.0
7801,677.0
7802,467.0
7803,644.0
7804,590.0
7805,156.0
7806,677.0
7807,616.0
7808,142.0
7809,207.0
7810,273.0
7811,760.0
7812,72.0
7813,752.0
7814,698.0
7815,723.0
7816,202.0
7817,273.0
7818,330.0
7819,794.0
7820,101.0
7821,18.0
7822,39.0
7823,431.0
7824,26.0
7825,207.0
7826,396.0
7827,636.0
7828,139.0
7829,464.0
7830,159.0
7831,483.0
7832,845.0
7833,690.0
7834,139.0
7835,104.0
7836,867.0
7837,867.0
7838,867.0
7839,867.0
7840,867.0
7841,762.0
7842,695.0
7843,695.0
7844,771.0
7845,849.0
7846,849.0
7847,5.0
7848,693.0
7849,102.0
7850,83.0
7851,278.0
7852,863.0
7853,797.0
7854,822.0
7855,449.0
7856,753.0
7857,686.0
7858,404.0
7859,842.0
7860,822.0
7861,822.0
7862,863.0
7863,70.0
7864,56.0
7865,493.0
7866,82.0
7867,82.0
7868,535.0
7869,50.0
7870,404.0
7871,715.0
7872,239.0
7873,863.0
7874,207.0
7875,753.0
7876,754.0
7877,655.0
7878,746.0
7879,794.0
7880,746.0
7881,845.0
7882,263.0
7883,54.0
7884,752.0
7885,201.0
7886,728.0
7887,695.0
7888,540.0
7889,196.0
7890,695.0
7891,156.0
7892,758.0
7893,746.0
7894,44.0
7895,491.0
7896,535.0
7897,461.0
7898,154.0
7899,846.0
7900,156.0
7901,744.0
7902,863.0
7903,748.0
7904,178.0
7905,809.0
7906,156.0
7907,586.0
7908,18.0
7909,329.0
7910,583.0
7911,697.0
7912,307.0
7913,329.0
7914,644.0
7915,178.0
7916,189.0
7917,693.0
7918,22.0
7919,696.0
7920,794.0
7921,570.0
7922,400.0
7923,480.0
7924,121.0
7925,63.0
7926,30.0
7927,189.0
7928,661.0
7929,691.0
7930,57.0
7931,75.0
7932,307.0
7933,307.0
7934,307.0
7935,307.0
7936,263.0
7937,159.0
7938,752.0
7939,44.0
7940,722.0
7941,755.0
7942,590.0
7943,449.0
7944,786.0
7945,5.0
7946,655.0
7947,573.0
7948,631.0
7949,746.0
7950,535.0
7951,863.0
7952,179.0
7953,114.0
7954,784.0
7955,794.0
7956,452.0
7957,630.0
7958,759.0
7959,196.0
7960,121.0
7961,275.0
7962,863.0
7963,114.0
7964,568.0
7965,452.0
7966,75.0
7967,851.0
7968,715.0
7969,96.0
7970,330.0
7971,104.0
7972,752.0
7973,691.0
7974,727.0
7975,46.0
7976,483.0
7977,867.0
7978,753.0
7979,776.0
7980,713.0
7981,272.0
7982,727.0
7983,755.0
7984,756.0
7985,863.0
7986,139.0
7987,844.0
7988,746.0
7989,201.0
7990,24.0
7991,246.0
7992,728.0
7993,867.0
7994,196.0
7995,756.0
7996,797.0
7997,698.0
7998,269.0
7999,754.0
8000,196.0
8001,590.0
8002,590.0
8003,73.0
8004,96.0
8005,101.0
8006,848.0
8007,848.0
8008,26.0
8009,746.0
8010,761.0
8011,590.0
8012,30.0
8013,407.0
8014,744.0
8015,456.0
8016,407.0
8017,691.0
8018,289.0
8019,443.0
8020,845.0
8021,30.0
8022,713.0
8023,696.0
8024,483.0
8025,85.0
8026,480.0
8027,461.0
8028,756.0
8029,505.0
8030,495.0
8031,756.0
8032,289.0
8033,32.0
8034,24.0
8035,761.0
8036,752.0
8037,728.0
8038,746.0
8039,201.0
8040,727.0
8041,863.0
8042,26.0
8043,850.0
8044,546.0
8045,269.0
8046,746.0
8047,863.0
8048,746.0
8049,855.0
8050,18.0
8051,756.0
8052,845.0
8053,92.0
8054,573.0
8055,582.0
8056,582.0
8057,582.0
8058,582.0
8059,111.0
8060,849.0
8061,849.0
8062,849.0
8063,755.0
8064,60.0
8065,493.0
8066,616.0
8067,746.0
8068,139.0
8069,623.0
8070,289.0
8071,657.0
8072,468.0
8073,755.0
8074,443.0
8075,237.0
8076,51.0
8077,156.0
8078,246.0
8079,44.0
8080,625.0
8081,72.0
8082,748.0
8083,329.0
8084,618.0
8085,94.0
8086,863.0
8087,246.0
8088,746.0
8089,364.0
8090,239.0
8091,554.0
8092,752.0
8093,863.0
8094,443.0
8095,696.0
8096,746.0
8097,54.0
8098,457.0
8099,870.0
8100,178.0
8101,867.0
8102,752.0
8103,727.0
8104,777.0
8105,760.0
8106,179.0
8107,711.0
8108,467.0
8109,2.0
8110,746.0
8111,644.0
8112,83.0
8113,761.0
8114,289.0
8115,404.0
8116,759.0
8117,760.0
8118,744.0
8119,83.0
8120,156.0
8121,419.0
8122,839.0
8123,104.0
8124,546.0
8125,22.0
8126,827.0
8127,494.0
8128,494.0
8129,10.0
8130,505.0
8131,630.0
8132,573.0
8133,585.0
8134,575.0
8135,210.0
8136,448.0
8137,822.0
8138,616.0
8139,488.0
8140,761.0
8141,752.0
8142,45.0
8143,723.0
8144,657.0
8145,495.0
8146,558.0
8147,758.0
8148,157.0
8149,210.0
8150,60.0
8151,73.0
8152,207.0
8153,189.0
8154,493.0
8155,590.0
8156,623.0
8157,32.0
8158,746.0
8159,540.0
8160,278.0
8161,867.0
8162,867.0
8163,337.0
8164,631.0
8165,142.0
8166,156.0
8167,754.0
8168,573.0
8169,246.0
8170,863.0
8171,156.0
8172,154.0
8173,586.0
8174,746.0
8175,760.0
8176,85.0
8177,85.0
8178,207.0
8179,573.0
8180,695.0
8181,39.0
8182,753.0
8183,263.0
8184,762.0
8185,695.0
8186,207.0
8187,60.0
8188,723.0
8189,778.0
8190,586.0
8191,269.0
8192,630.0
8193,748.0
8194,92.0
8195,483.0
8196,616.0
8197,540.0
8198,443.0
8199,794.0
8200,201.0
8201,863.0
8202,753.0
8203,752.0
8204,753.0
8205,794.0
8206,101.0
8207,419.0
8208,695.0
8209,696.0
8210,636.0
8211,794.0
8212,568.0
8213,550.0
8214,746.0
8215,156.0
8216,154.0
8217,159.0
8218,794.0
8219,269.0
8220,24.0
8221,844.0
8222,111.0
8223,590.0
8224,590.0
8225,809.0
8226,207.0
8227,794.0
8228,554.0
8229,753.0
8230,590.0
8231,139.0
8232,57.0
8233,590.0
8234,867.0
8235,483.0
8236,694.0
8237,723.0
8238,42.0
8239,837.0
8240,207.0
8241,10.0
8242,102.0
8243,746.0
8244,201.0
8245,695.0
8246,494.0
8247,494.0
8248,494.0
8249,691.0
8250,535.0
8251,625.0
8252,83.0
8253,364.0
8254,142.0
8255,396.0
8256,535.0
8257,778.0
8258,449.0
8259,6.0
8260,849.0
8261,746.0
8262,541.0
8263,863.0
8264,837.0
8265,765.0
8266,82.0
8267,623.0
8268,727.0
8269,407.0
8270,686.0
8271,695.0
8272,863.0
8273,505.0
8274,690.0
8275,7.0
8276,765.0
8277,655.0
8278,263.0
8279,189.0
8280,85.0
8281,239.0
8282,754.0
8283,690.0
8284,761.0
8285,196.0
8286,759.0
8287,636.0
8288,541.0
8289,456.0
8290,461.0
8291,139.0
8292,585.0
8293,846.0
8294,744.0
8295,863.0
8296,794.0
8297,491.0
8298,491.0
8299,794.0
8300,495.0
8301,809.0
8302,845.0
8303,449.0
8304,850.0
8305,404.0
8306,47.0
8307,7.0
8308,400.0
8309,546.0
8310,189.0
8311,762.0
8312,30.0
8313,540.0
8314,505.0
8315,154.0
8316,752.0
8317,46.0
8318,207.0
8319,483.0
8320,60.0
8321,696.0
8322,114.0
8323,686.0
8324,644.0
8325,660.0
8326,449.0
8327,491.0
8328,491.0
8329,550.0
8330,550.0
8331,744.0
8332,752.0
8333,3.0
8334,723.0
8335,139.0
8336,464.0
8337,464.0
8338,30.0
8339,156.0
8340,50.0
8341,863.0
8342,546.0
8343,407.0
8344,207.0
8345,202.0
8346,848.0
8347,848.0
8348,848.0
8349,848.0
8350,848.0
8351,746.0
8352,744.0
8353,695.0
8354,696.0
8355,201.0
8356,590.0
8357,54.0
8358,483.0
8359,550.0
8360,541.0
8361,11.0
8362,404.0
8363,695.0
8364,407.0
8365,536.0
8366,72.0
8367,73.0
8368,786.0
8369,776.0
8370,273.0
8371,82.0
8372,4.0
8373,863.0
8374,753.0
8375,536.0
8376,448.0
8377,154.0
8378,202.0
8379,480.0
8380,464.0
8381,464.0
8382,536.0
8383,464.0
8384,464.0
8385,464.0
8386,273.0
8387,464.0
8388,483.0
8389,407.0
8390,753.0
8391,5.0
8392,758.0
8393,11.0
8394,583.0
8395,51.0
8396,2.0
8397,713.0
8398,727.0
8399,456.0
8400,456.0
8401,844.0
8402,755.0
8403,85.0
8404,536.0
8405,863.0
8406,139.0
8407,746.0
8408,761.0
8409,625.0
8410,863.0
8411,483.0
8412,491.0
8413,23.0
8414,845.0
8415,535.0
8416,794.0
8417,482.0
8418,863.0
8419,754.0
8420,746.0
8421,582.0
8422,752.0
8423,24.0
8424,139.0
8425,178.0
8426,863.0
8427,536.0
8428,845.0
8429,837.0
8430,590.0
8431,319.0
8432,154.0
8433,7.0
8434,75.0
8435,786.0
8436,786.0
8437,786.0
8438,794.0
8439,590.0
8440,746.0
8441,142.0
8442,82.0
8443,846.0
8444,746.0
8445,269.0
8446,746.0
8447,540.0
8448,715.0
8449,483.0
8450,713.0
8451,30.0
8452,201.0
8453,179.0
8454,837.0
8455,758.0
8456,621.0
8457,505.0
8458,419.0
8459,722.0
8460,456.0
8461,45.0
8462,248.0
8463,47.0
8464,239.0
8465,846.0
8466,622.0
8467,483.0
8468,698.0
8469,40.0
8470,698.0
8471,201.0
8472,156.0
8473,590.0
8474,554.0
8475,746.0
8476,178.0
8477,431.0
8478,11.0
8479,748.0
8480,337.0
8481,178.0
8482,761.0
8483,623.0
8484,746.0
8485,616.0
8486,761.0
8487,540.0
8488,575.0
8489,657.0
8490,756.0
8491,573.0
8492,121.0
8493,622.0
8494,540.0
8495,468.0
8496,754.0
8497,540.0
8498,630.0
8499,754.0
8500,189.0
8501,794.0
8502,760.0
8503,827.0
8504,246.0
8505,96.0
8506,269.0
8507,759.0
8508,56.0
8509,691.0
8510,708.0
8511,419.0
8512,690.0
8513,467.0
8514,269.0
8515,480.0
8516,755.0
8517,755.0
8518,541.0
8519,727.0
8520,419.0
8521,73.0
8522,263.0
8523,275.0
8524,244.0
8525,11.0
8526,696.0
8527,345.0
8528,850.0
8529,535.0
8530,263.0
8531,863.0
8532,696.0
8533,723.0
8534,708.0
8535,46.0
8536,863.0
8537,468.0
8538,590.0
8539,677.0
8540,827.0
8541,540.0
8542,746.0
8543,32.0
8544,443.0
8545,771.0
8546,657.0
8547,621.0
8548,541.0
8549,273.0
8550,696.0
8551,727.0
8552,32.0
8553,655.0
8554,794.0
8555,863.0
8556,70.0
8557,697.0
8558,246.0
8559,63.0
8560,809.0
8561,495.0
8562,56.0
8563,189.0
8564,657.0
8565,101.0
8566,196.0
8567,797.0
8568,319.0
8569,319.0
8570,40.0
8571,753.0
8572,590.0
8573,559.0
8574,42.0
8575,644.0
8576,156.0
8577,202.0
8578,179.0
8579,540.0
8580,753.0
8581,709.0
8582,744.0
8583,496.0
8584,93.0
8585,727.0
8586,483.0
8587,586.0
8588,744.0
8589,248.0
8590,753.0
8591,713.0
8592,456.0
8593,759.0
8594,340.0
8595,696.0
8596,752.0
8597,237.0
8598,44.0
8599,207.0
8600,760.0
8601,101.0
8602,746.0
8603,590.0
8604,606.0
8605,771.0
8606,535.0
8607,686.0
8608,761.0
8609,842.0
8610,26.0
8611,246.0
8612,196.0
8613,142.0
8614,695.0
8615,202.0
8616,57.0
8617,746.0
8618,419.0
8619,461.0
8620,263.0
8621,622.0
8622,468.0
8623,842.0
8624,154.0
8625,540.0
8626,744.0
8627,196.0
8628,709.0
8629,590.0
8630,696.0
8631,56.0
8632,842.0
8633,272.0
8634,535.0
8635,791.0
8636,677.0
8637,156.0
8638,554.0
8639,746.0
8640,6.0
8641,263.0
8642,94.0
8643,449.0
8644,621.0
8645,154.0
8646,859.0
8647,488.0
8648,697.0
8649,407.0
8650,2.0
8651,727.0
8652,541.0
8653,55.0
8654,546.0
8655,196.0
8656,156.0
8657,863.0
8658,746.0
8659,530.0
8660,711.0
8661,761.0
8662,644.0
8663,319.0
8664,319.0
8665,319.0
8666,319.0
8667,845.0
8668,546.0
8669,340.0
8670,546.0
8671,837.0
8672,83.0
8673,753.0
8674,746.0
8675,63.0
8676,7.0
8677,11.0
8678,758.0
8679,26.0
8680,686.0
8681,746.0
8682,541.0
8683,535.0
8684,269.0
8685,623.0
8686,850.0
8687,483.0
8688,776.0
8689,746.0
8690,845.0
8691,101.0
8692,758.0
8693,248.0
8694,644.0
8695,210.0
8696,842.0
8697,744.0
8698,863.0
8699,139.0
8700,630.0
8701,752.0
8702,754.0
8703,715.0
8704,73.0
8705,83.0
8706,73.0
8707,536.0
8708,753.0
8709,746.0
8710,156.0
8711,586.0
8712,535.0
8713,96.0
8714,11.0
8715,540.0
8716,449.0
8717,541.0
8718,42.0
8719,691.0
8720,586.0
8721,269.0
8722,457.0
8723,201.0
8724,746.0
8725,207.0
8726,852.0
8727,139.0
8728,758.0
8729,573.0
8730,696.0
8731,846.0
8732,467.0
8733,752.0
8734,756.0
8735,754.0
8736,482.0
8737,269.0
8738,755.0
8739,755.0
8740,419.0
8741,837.0
8742,203.0
8743,121.0
8744,111.0
8745,622.0
8746,244.0
8747,686.0
8748,623.0
8749,278.0
8750,863.0
8751,746.0
8752,464.0
8753,464.0
8754,696.0
8755,554.0
8756,269.0
8757,573.0
8758,482.0
8759,178.0
8760,564.0
8761,753.0
8762,582.0
8763,849.0
8764,111.0
8765,248.0
8766,746.0
8767,794.0
8768,269.0
8769,797.0
8770,863.0
8771,56.0
8772,696.0
8773,364.0
8774,407.0
8775,726.0
8776,535.0
8777,590.0
8778,655.0
8779,723.0
8780,863.0
8781,777.0
8782,753.0
8783,748.0
8784,851.0
8785,758.0
8786,101.0
8787,746.0
8788,269.0
8789,754.0
8790,24.0
8791,491.0
8792,313.0
8793,797.0
8794,746.0
8795,482.0
8796,407.0
8797,573.0
8798,10.0
8799,827.0
8800,546.0
8801,585.0
8802,407.0
8803,272.0
8804,60.0
8805,263.0
8806,490.0
8807,573.0
8808,207.0
8809,655.0
8810,26.0
8811,870.0
8812,691.0
8813,726.0
8814,590.0
8815,272.0
8816,697.0
8817,797.0
8818,42.0
8819,94.0
8820,758.0
8821,746.0
8822,46.0
8823,75.0
8824,11.0
8825,752.0
8826,797.0
8827,753.0
8828,483.0
8829,536.0
8830,778.0
8831,203.0
8832,845.0
8833,794.0
8834,10.0
8835,70.0
8836,822.0
8837,822.0
8838,822.0
8839,845.0
8840,850.0
8841,850.0
8842,491.0
8843,752.0
8844,139.0
8845,239.0
8846,630.0
8847,269.0
8848,483.0
8849,11.0
8850,404.0
8851,272.0
8852,753.0
8853,196.0
8854,93.0
8855,114.0
8856,207.0
8857,794.0
8858,483.0
8859,178.0
8860,404.0
8861,85.0
8862,2.0
8863,623.0
8864,483.0
8865,695.0
8866,690.0
8867,263.0
8868,748.0
8869,686.0
8870,56.0
8871,207.0
8872,540.0
8873,845.0
8874,695.0
8875,621.0
8876,842.0
8877,494.0
8878,746.0
8879,863.0
8880,36.0
8881,585.0
8882,464.0
8883,263.0
8884,746.0
8885,396.0
8886,85.0
8887,456.0
8888,711.0
8889,625.0
8890,695.0
8891,51.0
8892,30.0
8893,239.0
8894,5.0
8895,239.0
8896,709.0
8897,483.0
8898,443.0
8899,744.0
8900,207.0
8901,96.0
8902,210.0
8903,56.0
8904,845.0
8905,655.0
8906,94.0
8907,696.0
8908,721.0
8909,746.0
8910,269.0
8911,207.0
8912,337.0
8913,449.0
8914,570.0
8915,695.0
8916,72.0
8917,7.0
8918,26.0
8919,752.0
8920,746.0
8921,210.0
8922,64.0
8923,536.0
8924,797.0
8925,480.0
8926,7.0
8927,3.0
8928,493.0
8929,755.0
8930,746.0
8931,101.0
8932,329.0
8933,26.0
8934,540.0
8935,778.0
8936,96.0
8937,622.0
8938,201.0
8939,863.0
8940,867.0
8941,746.0
8942,794.0
8943,695.0
8944,859.0
8945,550.0
8946,590.0
8947,483.0
8948,546.0
8949,686.0
8950,686.0
8951,797.0
8952,784.0
8953,210.0
8954,655.0
8955,546.0
8956,590.0
8957,10.0
8958,4.0
8959,56.0
8960,570.0
8961,269.0
8962,590.0
8963,11.0
8964,842.0
8965,449.0
8966,239.0
8967,449.0
8968,44.0
8969,273.0
8970,273.0
8971,848.0
8972,2.0
8973,3.0
8974,480.0
8975,154.0
8976,45.0
8977,495.0
8978,573.0
8979,154.0
8980,582.0
8981,786.0
8982,754.0
8983,480.0
8984,541.0
8985,794.0
8986,630.0
8987,696.0
8988,554.0
8989,540.0
8990,690.0
8991,748.0
8992,201.0
8993,404.0
8994,586.0
8995,269.0
8996,691.0
8997,794.0
8998,273.0
8999,96.0
9000,727.0
9001,449.0
9002,753.0
9003,794.0
9004,536.0
9005,621.0
9006,483.0
9007,786.0
9008,762.0
9009,120.0
9010,754.0
9011,822.0
9012,744.0
9013,723.0
9014,618.0
9015,101.0
9016,762.0
9017,852.0
9018,852.0
9019,329.0
9020,784.0
9021,7.0
9022,760.0
9023,289.0
9024,10.0
9025,364.0
9026,863.0
9027,448.0
9028,844.0
9029,709.0
9030,50.0
9031,452.0
9032,794.0
9033,842.0
9034,863.0
9035,201.0
9036,10.0
9037,618.0
9038,196.0
9039,752.0
9040,50.0
9041,698.0
9042,345.0
9043,550.0
9044,708.0
9045,728.0
9046,758.0
9047,746.0
9048,483.0
9049,142.0
9050,201.0
9051,867.0
9052,863.0
9053,726.0
9054,690.0
9055,853.0
9056,853.0
9057,535.0
9058,727.0
9059,111.0
9060,625.0
9061,54.0
9062,404.0
9063,139.0
9064,482.0
9065,550.0
9066,337.0
9067,396.0
9068,554.0
9069,794.0
9070,419.0
9071,723.0
9072,11.0
9073,590.0
9074,39.0
9075,851.0
9076,575.0
9077,483.0
9078,540.0
9079,559.0
9080,51.0
9081,748.0
9082,744.0
9083,120.0
9084,590.0
9085,622.0
9086,844.0
9087,771.0
9088,852.0
9089,852.0
9090,852.0
9091,120.0
9092,849.0
9093,480.0
9094,754.0
9095,690.0
9096,690.0
9097,505.0
9098,631.0
9099,677.0
9100,3.0
9101,120.0
9102,845.0
9103,178.0
9104,7.0
9105,550.0
9106,535.0
9107,746.0
9108,677.0
9109,622.0
9110,400.0
9111,546.0
9112,748.0
9113,863.0
9114,746.0
9115,754.0
9116,573.0
9117,746.0
9118,273.0
9119,691.0
9120,207.0
9121,755.0
9122,2.0
9123,47.0
9124,677.0
9125,196.0
9126,114.0
9127,746.0
9128,244.0
9129,758.0
9130,64.0
9131,142.0
9132,85.0
9133,536.0
9134,851.0
9135,483.0
9136,722.0
9137,728.0
9138,696.0
9139,541.0
9140,769.0
9141,746.0
9142,746.0
9143,695.0
9144,541.0
9145,570.0
9146,407.0
9147,776.0
9148,696.0
9149,85.0
9150,863.0
9151,536.0
9152,207.0
9153,452.0
9154,794.0
9155,272.0
9156,120.0
9157,272.0
9158,822.0
9159,760.0
9160,630.0
9161,844.0
9162,623.0
9163,863.0
9164,776.0
9165,845.0
9166,272.0
9167,695.0
9168,762.0
9169,47.0
9170,92.0
9171,855.0
9172,120.0
9173,849.0
9174,849.0
9175,855.0
9176,120.0
9177,849.0
9178,120.0
9179,92.0
9180,696.0
9181,154.0
9182,863.0
9183,210.0
9184,203.0
9185,120.0
9186,855.0
9187,853.0
9188,853.0
9189,853.0
9190,853.0
9191,853.0
9192,853.0
9193,855.0
9194,120.0
9195,784.0
9196,784.0
9197,849.0
9198,120.0
9199,120.0
9200,120.0
9201,120.0
9202,120.0
9203,120.0
9204,849.0
9205,239.0
9206,120.0
9207,753.0
9208,575.0
9209,275.0
9210,746.0
9211,863.0
9212,709.0
9213,695.0
9214,746.0
9215,849.0
9216,849.0
9217,849.0
9218,120.0
9219,853.0
9220,853.0
9221,853.0
9222,849.0
9223,273.0
9224,120.0
9225,849.0
9226,120.0
9227,120.0
9228,120.0
9229,120.0
9230,120.0
9231,120.0
9232,727.0
9233,746.0
9234,586.0
9235,6.0
9236,345.0
9237,644.0
9238,115.0
9239,429.0
9240,695.0
9241,752.0
9242,756.0
9243,83.0
9244,755.0
9245,55.0
9246,590.0
9247,590.0
9248,756.0
9249,794.0
9250,429.0
9251,752.0
9252,115.0
9253,115.0
9254,115.0
9255,115.0
9256,115.0
9257,115.0
9258,115.0
9259,115.0
9260,115.0
9261,156.0
9262,758.0
9263,505.0
9264,753.0
9265,535.0
9266,855.0
9267,765.0
9268,6.0
9269,759.0
9270,10.0
9271,115.0
9272,115.0
9273,115.0
9274,115.0
9275,115.0
9276,848.0
9277,848.0
9278,115.0
9279,115.0
9280,752.0
9281,115.0
9282,429.0
9283,429.0
9284,115.0
9285,115.0
9286,505.0
9287,178.0
9288,851.0
9289,851.0
9290,848.0
9291,848.0
9292,851.0
9293,429.0
9294,429.0
9295,115.0
9296,115.0
9297,115.0
9298,115.0
9299,115.0
9300,115.0
9301,115.0
9302,115.0
9303,44.0
9304,590.0
9305,752.0
9306,115.0
9307,754.0
9308,115.0
9309,115.0
9310,851.0
9311,115.0
9312,115.0
9313,621.0
9314,115.0
9315,115.0
9316,746.0
